-- phpMyAdmin SQL Dump
-- version 3.0.1
-- http://www.phpmyadmin.net
--
-- 主机: localhost
-- 生成日期: 2009 年 08 月 07 日 03:15
-- 服务器版本: 5.0.67
-- PHP 版本: 5.2.6

-- SET SQL_MODE="NO_AUTO_VALUE_ON_ZERO";

--
-- 新增“商城帮助”的下级分类
--
delete from `ecm_acategory` where cate_id > 3;
INSERT INTO `ecm_acategory` (`cate_id`, `cate_name`, `parent_id`, `sort_order`, `code`) VALUES
(4, '新手上路', 1, 1, NULL),
(5, '购物指南', 1, 2, NULL);

--
-- 新增几篇文章
--
delete from `ecm_article` where cate_id > 3;
INSERT INTO `ecm_article` (`article_id`, `code`, `title`, `cate_id`, `store_id`, `link`, `content`, `sort_order`, `if_show`, `add_time`) VALUES
(NULL, '', '购物保障', -1, {seller_id}, NULL, '<p style="margin: 10px; line-height: 150%;"><strong><span style="color: #0000ff;">一、专业IT产品销售 </span></strong><br />&nbsp;&nbsp;&nbsp;&nbsp;&nbsp; 演示店铺，专业的IT产品销售网站，包括：笔记本电脑、台式机、数码相机、摄像机、MP3、MP4、电脑散件、DIY装 机、手机、通讯设备、办公耗材、配件外设、移动存储、网络产品、各类软件等。有正规可靠的进货渠道，有专业的管理团队，有完善的网络技术平台，有经验丰富 的售后服务人员，绝对值得您信赖。<br /><br /><strong><span style="color: #0000ff;">二、实体店直接供货 </span></strong><br />&nbsp;&nbsp;&nbsp;&nbsp;&nbsp; 演示店铺下设实体店直接供货，将在全国每个城市设立一个实体店，以供当地区供货和售后服务。<br /><br /><strong><span style="color: #0000ff;">三、付款安全</span></strong> <br />&nbsp;&nbsp;&nbsp;&nbsp;&nbsp; 用户可以选择财付通付款（中间信用担保）、货到付款（货运公司代收）、银行转帐、在线支付，因为卖家都是实体店商户，所以支付非常安全。<br /><br /><strong><span style="color: #0000ff;">四、完善的售后服务</span></strong> <br />&nbsp;&nbsp;&nbsp;&nbsp;&nbsp; 因为所售产品都是正品行货，能在全国联保的商品，都可以全国联保；销售的商品均提供与到实体店购买一样的售后服务保障。</p>\r\n<p>&nbsp;</p>', 1, 1, 1249544249),
(NULL, '', '系统升级通知（周二）！', 2, 0, '', '<p><span style="font-size: 9pt; color: #666666; font-family: 宋体;"><strong><span style="font-size: 10.5pt; color: red; font-family: 宋体;">修改本页内容，请到</span><span style="font-size: 10.5pt; color: red; font-family: ''Times New Roman'';"> </span><span style="font-size: 10.5pt; color: red; font-family: 宋体;">管理后台</span><span style="font-size: 10.5pt; color: red; font-family: ''Times New Roman'';" lang="EN-US"> <span style="font-size: 10.5pt; color: red; font-family: 宋体;">&gt;&gt;</span> 网站<span style="font-size: 10.5pt; color: red; font-family: ''Times New Roman'';" lang="EN-US"> <span style="font-size: 10.5pt; color: red; font-family: 宋体;">&gt;&gt;</span>&nbsp;文章管理</span></span><span style="font-size: 10.5pt; color: red; font-family: ''Times New Roman'';" lang="EN-US">&nbsp;&nbsp; 找到相关文章</span><span style="font-size: 10.5pt; color: red; font-family: 宋体;">进行编辑</span></strong></span></p>\r\n<p>尊敬的用户，您好！</p>\r\n<p>为了给广大用户提供更好的服务，拟在 2009年 6月 6日 12:30 － 14:00 做系统升级。</p>\r\n<p>届时，页面会出现暂时不能使用的情况。</p>\r\n<p>在此，衷心的感谢每位用户一贯以来对我们工作的支持和关注。</p>', 255, 1, 1249610440),
(NULL, '', '8月8日暂停货品出库', 2, 0, '', '<p><span style="font-size: 9pt; color: #666666; font-family: 宋体;"><strong><span style="font-size: 10.5pt; color: red; font-family: 宋体;">修改本页内容，请到</span><span style="font-size: 10.5pt; color: red; font-family: ''Times New Roman'';"> </span><span style="font-size: 10.5pt; color: red; font-family: 宋体;">管理后台</span><span style="font-size: 10.5pt; color: red; font-family: ''Times New Roman'';" lang="EN-US"> <span style="font-size: 10.5pt; color: red; font-family: 宋体;">&gt;&gt;</span> 网站<span style="font-size: 10.5pt; color: red; font-family: ''Times New Roman'';" lang="EN-US"> <span style="font-size: 10.5pt; color: red; font-family: 宋体;">&gt;&gt;</span>&nbsp;文章管理</span></span><span style="font-size: 10.5pt; color: red; font-family: ''Times New Roman'';" lang="EN-US">&nbsp;&nbsp; 找到相关文章</span><span style="font-size: 10.5pt; color: red; font-family: 宋体;">进行编辑</span></strong></span></p>\r\n<p><span>敬爱的顾客： <br />我 们将于下2009年8月8日进行内部货品盘点和整合，当天将暂停货品的出库，但是为了广大用户能够尽量在周一收到您周六晚间和周日下午 16：00 前 生成的有效本地订单 (外环外和外地订单将在周日下午发出，具体配送时间根据订单所选的货运方式而定) ，将原有的上海外环线以内的一日二送改为一日一送的配送方式。 8月8日配送时间为上午9:00 至下午 18：00，由此为您带来的不便，还请您谅解。 届时我们将不提供上门自提，售后和送货等其他服务。 从2008年8月8日星期二起外环线以内的配送恢复为一日二送。 在此衷心的感谢各位顾客一贯以来对我们工作的支持和关注。</span></p>', 255, 1, 1249610480),
(NULL, '', '商品评论改版升级!', 2, 0, '', '<p><span style="font-size: 9pt; color: #666666; font-family: 宋体;"><strong><span style="font-size: 10.5pt; color: red; font-family: 宋体;">修改本页内容，请到</span><span style="font-size: 10.5pt; color: red; font-family: ''Times New Roman'';"> </span><span style="font-size: 10.5pt; color: red; font-family: 宋体;">管理后台</span><span style="font-size: 10.5pt; color: red; font-family: ''Times New Roman'';" lang="EN-US"> <span style="font-size: 10.5pt; color: red; font-family: 宋体;">&gt;&gt;</span> 网站<span style="font-size: 10.5pt; color: red; font-family: ''Times New Roman'';" lang="EN-US"> <span style="font-size: 10.5pt; color: red; font-family: 宋体;">&gt;&gt;</span>&nbsp;文章管理</span></span><span style="font-size: 10.5pt; color: red; font-family: ''Times New Roman'';" lang="EN-US">&nbsp;&nbsp; 找到相关文章</span><span style="font-size: 10.5pt; color: red; font-family: 宋体;">进行编辑</span></strong></span></p>\r\n<p>首先，为了使得大家能更充分参与，我们将逐步放开对产品评论的资格限制， 顾客可以在购买商品后对商品进行评价，其他顾客还可以对评价进行是否好评的参与，得到较多用户好评的评论将得到更多的展示机会。</p>', 255, 1, 1249610514),
(NULL, '', '银行系统升级通告！', 2, 0, '', '<p><span style="font-size: 9pt; color: #666666; font-family: 宋体;"><strong><span style="font-size: 10.5pt; color: red; font-family: 宋体;">修改本页内容，请到</span><span style="font-size: 10.5pt; color: red; font-family: ''Times New Roman'';"> </span><span style="font-size: 10.5pt; color: red; font-family: 宋体;">管理后台</span><span style="font-size: 10.5pt; color: red; font-family: ''Times New Roman'';" lang="EN-US"> <span style="font-size: 10.5pt; color: red; font-family: 宋体;">&gt;&gt;</span> 网站<span style="font-size: 10.5pt; color: red; font-family: ''Times New Roman'';" lang="EN-US"> <span style="font-size: 10.5pt; color: red; font-family: 宋体;">&gt;&gt;</span>&nbsp;文章管理</span></span><span style="font-size: 10.5pt; color: red; font-family: ''Times New Roman'';" lang="EN-US">&nbsp;&nbsp; 找到相关文章</span><span style="font-size: 10.5pt; color: red; font-family: 宋体;">进行编辑</span></strong></span></p>\r\n<p>敬的顾客：<br />&nbsp;&nbsp;&nbsp;&nbsp;&nbsp;&nbsp; 由于银行系统将于12.10号进行升级，因此在此期间，网上支付业务将会暂停，本网站将会暂停网上支付方式的订单，对此进行通告，谢谢您一贯的支持。</p>', 255, 1, 1249610535),
(NULL, '', '顾客必读', 4, 0, '', '<h4><br /></h4>\r\n<h4>如何订购商品？</h4>\r\n<p>您可以首先浏览我们的网站了解商品。看到您满意的商品您可以直接在我们的网站上实现订购。您也可以和我们网站的客服人员联系订购。</p>\r\n<h4>我通过网站看到你们的商品后觉得不错，但是我不是经常上网，你可以寄一些商品的图片和介绍给我吗？</h4>\r\n<p>答：我们的网站会不定期地为会员发送商品信息资料的电子邮件。如果您目前还没有成为我们的会员，您可以直接在我们的网站上注册，非常方便。</p>\r\n<h4>请告诉我在这里购物的理由好吗？</h4>\r\n<ol>\r\n<li>我们是一家拥有长期经营零售业务经验的网站；</li>\r\n<li>我们将给您带来优质的商品及更优惠的价格；</li>\r\n<li>多种付款方式以及快速的全国配送；</li>\r\n<li>人性化的退换货事宜；</li>\r\n<li>体贴入微的会员积分计划；</li>\r\n<li>所有产品为原厂正规包装；</li>\r\n</ol>\r\n<h4>你们的商品我都非常喜欢，已经购买了很多，但是有些怎么一直没货？会不会订不到？</h4>\r\n<p>由于网站顾客购买量比较大，商品随时可能断货，您可以通过网站上的&ldquo;到货通知&rdquo;按钮预定商品或直接联系我们的网站客服进行预约订购。</p>\r\n<h4>所有的产品都能够在网站上购买?</h4>\r\n<p>答：目前网站查找的都是可以订购的，但是必须是仓库中有库存的产品我们才可以与您确认。部分热销产品也可以通过我们的网站做一个预约，等到货品到后，我们会立即通过电话或者电子邮件的方式通知您来订购。</p>\r\n<h4>为什么要注册会员？</h4>\r\n<ol>\r\n<li>只有注册用户才可以在网上进行订购，享受优惠的价格。</li>\r\n<li>只有注册用户才可以登录"会员中心"，使用更多的会员购物功能,管理自己的资料。</li>\r\n<li>只有注册用户才可以在网上给其他注册的朋友留言。</li>\r\n<li>只有注册用户才有可能获取我们赠送的礼品。</li>\r\n</ol>\r\n<h4>忘记了密码怎么办？</h4>\r\n<p>为了保护客户利益，我们无法看到您的密码。当您忘记密码时，请登录注册页面，点击"忘记密码"，系统会自动将您的密码通过email告诉您，您可以登录"会员中心"去更改密码，以确保您的利益。</p>\r\n<h4>积分是怎么回事？有什么作用？</h4>\r\n<p>积分的高低只反映您对我们的关注和支持程度。我们的积分是通过订购商品产生的。对于高积分的客户我们会有一定的奖励，如积分兑换商品、积分抵扣价格、赠送商品,更优惠的价格购买商品等，以此回馈广大顾客。</p>', 255, 1, 1249614530),
(NULL, '', '商品退货保障', 4, 0, '', '<h4><br /></h4>\r\n<h4>符合以下条件，可以要求换货</h4>\r\n<ol>\r\n<li>客户在收到货物时当面在送货员面前拆包检查，发现货物有质量问题的；</li>\r\n<li>实际收到货物与网站上描述的有很大的出入的。</li>\r\n</ol>\r\n<p><strong>换货流程</strong>：客户当面要求送货人员退回货物，然后与我们联系。我们会为您重新发货，货物到达时间顺延。</p>\r\n<h4>符合以下条件，可以要求退货</h4>\r\n<ol>\r\n<li>客户收到货物后两天之内，发现商品有明显的制造缺陷的；</li>\r\n<li>货物经过一次换货但仍然存在质量问题的；</li>\r\n<li>由于人为原因造成超过我们承诺到货之日5天还没收到货物的。</li>\r\n</ol>\r\n<p><strong>退货流程：</strong>客户在收到货物后两天内与我们联系，我们会在三个工作日内通过银行汇款把您的货款退回。</p>\r\n<h4>在以下情况我们有权拒绝客户的退换货要求</h4>\r\n<ol>\r\n<li>货物出现破损，但没有在收货时当场要求送货人员换货的；</li>\r\n<li>超过退换货期限的退换货要求；</li>\r\n<li>退换货物不全或者外观受损 ；</li>\r\n<li>客户发货单据丢失或者不全；</li>\r\n<li>产品并非我们提供；</li>\r\n<li>货物本身不存在质量问题的 。</li>\r\n</ol>', 255, 1, 1249614660),
(NULL, '', '体贴的售后服务', 5, 0, '', '<p>&nbsp;</p>\r\n<p>本网站所售产品均实行三包政策，请顾客保存好有效凭证，以确保我们为您更好服务。本公司的客户除享受国家规定&ldquo;三包&rdquo;。您可以更放心地在这里购物。<br /></p>\r\n<h3>保修细则</h3>\r\n<h4>一、在本网站购买的商品，自购买日起(以到货登记为准)7日内出现性能故障，您可以选择退货、换货或修理。</h4>\r\n<ol>\r\n<li>在接到您的产品后，我公司将问题商品送厂商特约维修中心检测； </li>\r\n<li>检测报出来后，如非人为损坏的，是产品本身质量问题，我公司会及时按您的要求予以退款、换可或维修。 </li>\r\n<li>如果检测结果是无故障或是人为因素造成的故障，我公司会及时通知您，并咨询您的处理意见。 </li>\r\n</ol>\r\n<h4>二、在本公司购买的商品，自购日起(以到货登记为准)15日内出现性能故障，您可以选择换货或修理。(享受15天退换货无需理由的商品，按《15天退换货无需理由细则》办理)</h4>\r\n<ol>\r\n<li>在接到您的产品后，我公司将问题商品送厂商特约维修中心检测； </li>\r\n<li>检测报出来后，如非人为损坏的，是产品本身质量问题，我公司会及时按您的要求予以退款、换可或维修。 </li>\r\n<li>如果检测结果是无故障或是人为因素造成的故障，我公司会及时通知您，并咨询您的处理意见。</li>\r\n</ol>\r\n<h4>三、在本公司购买的商品，自购日起(以到货登记为准)一年之内出现非人为损坏的质量问题，本公司承诺免费保修。</h4>\r\n<ol>\r\n<li>在接到您的产品后，我公司将问题商品送厂商特约维修中心检测； </li>\r\n<li>检测报出来后，如非人为损坏的，是产品本身质量问题，我公司会及时按您的要求予以退款、换可或维修。 </li>\r\n<li>如果检测结果是无故障或是人为因素造成的故障，我公司会及时通知您，并咨询您的处理意见。 </li>\r\n</ol>\r\n<h3>收费维修：</h3>\r\n<h4>一、对于人为造成的故障，本公司将采取收费维修，包括：</h4>\r\n<ol>\r\n<li>产品内部被私自拆开或其中任何部分被更替； </li>\r\n<li>商品里面的条码不清楚，无法成功判断； </li>\r\n<li>有入水、碎裂、损毁或有腐蚀等现象； </li>\r\n<li>过了保修期的商品。</li>\r\n</ol>\r\n<h4>二、符合以下条件，可以要求换货：</h4>\r\n<ol>\r\n<li>客户在收到货物时当面在送货员面前拆包检查，发现货物有质量问题的 </li>\r\n<li>实际收到货物与网站上描述的有很大的出入的 </li>\r\n<li>换货流程：客户当面要求送货人员退回货物，然后与我们联系。我们会在一个工作日内为您重新发货，货物到达时间顺延。</li>\r\n</ol>\r\n<h4>三、符合以下条件，可以要求退货：</h4>\r\n<p>客户收到货物后两天之内，</p>\r\n<ol>\r\n<li>发现商品有明显的制造缺陷的 </li>\r\n<li>货物经过一次换货但仍然存在质量问题的 </li>\r\n<li>由于人为原因造成超过我们承诺到货之日三天还没收到货物的</li>\r\n</ol>\r\n<p>退货流程：客户在收到货物后两天内与我们联系，我们会在两个工作日内通过银行汇款把您的货款退回。</p>\r\n<h4>在以下情况我们有权拒绝客户的退换货要求：</h4>\r\n<ol>\r\n<li>货物出现破损，但没有在收货时当场要求送货人员换货的 </li>\r\n<li>超过退换货期限的退换货要求 </li>\r\n<li>退换货物不全或者外观受损 </li>\r\n<li>客户发货单据丢失或者不全 </li>\r\n<li>产品并非我们提供 </li>\r\n<li>货物本身不存在质量问题的</li>\r\n</ol>', 255, 1, 1249614760),
(NULL, '', '免责条款', 5, 0, '', '<p>&nbsp;</p>\r\n<h4>免责声明</h4>\r\n<p>如因不可抗力或其他无法控制的原因造成网站销售系统崩溃或无法正常使用，从而导致网上交易无法完成或丢失有关的信息、记录等，网站将不承担责任。但是我们将会尽合理的可能协助处理善后事宜，并努力使客户减少可能遭受的经济损失。<br />本 店可以按买方的要求代办相关运输手续，但我们的责任义务仅限于按时发货，遇到物流（邮政）意外时协助买方查询，不承担任何物流（邮政）提供给顾客之外的赔 偿，一切查询索赔事宜均按照物流（邮政）的规定办理。在物流（邮政）全程查询期限未满之前，买方不得要求赔偿。提醒买方一定核实好收货详细地址和收货人电 话，以免耽误投递。凡在本店购物，均视为如同意此声明。</p>\r\n<h4>客户监督</h4>\r\n<p>我们希望通过不懈努力，为客户提供最佳服务，我们在给客户提供服务的全程中接受客户的监督。</p>\r\n<h4>争议处理</h4>\r\n<p>如果客户与网站之间发生任何争议，可依据当时双方所认定的协议或相关法律来解决。</p>', 255, 1, 1249614798),
(NULL, '', '简单的购物流程', 5, 0, '', '<h4><br /></h4>\r\n<h4>怎样注册？</h4>\r\n<p>答：您可以直接点击"会员注册"进行注册。注册很简单，您只需按注册向导的要求输入一些基本信息即可。为了准确地为您服务，请务必在注册时填写您的真实信息，我们会为您保密。输入的帐号要4-10位，仅可使用英文字母、数字"-"。</p>\r\n<h4>怎样成为会员?</h4>\r\n<p>答：您可以直接点击"会员登录与注册"进行注册。注册很简单，您只需根据系统提示输入相关资料即可，请您填写完毕时，务必核对填写内容的准确性，并谨记您的会员账号和密码，以便您查询订单或是希望网站提供予您更多的服务时用以核对您的身份。</p>\r\n<h4>如何在网上下单购买，怎么一个操作流程呢？</h4>\r\n<p>答：这种方式和您逛商场的方式十分相似，您只要按照我们的商品分类页面或进入"钻石珠宝"、"个性定制"等逐页按照连接指明的路径浏览就可以了。 一旦看中了您喜欢的商品，您可以随时点击"放入购物篮"按钮将它放入"购物篮"。随后，您可以按"去收银台"。我们的商品十分丰富，不过您别担心，我们在 每一页中都设立了详细明白的导航条，您是不会迷路的。</p>', 255, 1, 1249614826);

--
-- 新增买家收货地址
--

INSERT INTO `ecm_address` (`addr_id`, `user_id`, `consignee`, `region_id`, `region_name`, `address`, `zipcode`, `phone_tel`, `phone_mob`) VALUES
(NULL, {buyer_id}, '超级卖家', 43, '中国	上海市	徐汇区', '长江路15号', '200088', '021-88886666', '13366669999');

--
-- 新增品牌
--

INSERT INTO `ecm_brand` (`brand_id`, `brand_name`, `brand_logo`, `sort_order`, `recommended`) VALUES
(NULL, '麦包包', 'data/files/mall/brand/1.gif', 1, 1),
(NULL, 'ESprit', 'data/files/mall/brand/2.jpg', 2, 1),
(NULL, '李宁', 'data/files/mall/brand/3.jpg', 3, 1),
(NULL, 'G-Star', 'data/files/mall/brand/4.jpg', 4, 1),
(NULL, 'Lee', 'data/files/mall/brand/5.jpg', 5, 1),
(NULL, 'Jack & Jones', 'data/files/mall/brand/6.jpg', 6, 1),
(NULL, 'DIOR', 'data/files/mall/brand/7.jpg', 6, 1),
(NULL, 'Chanel', 'data/files/mall/brand/8.jpg', 7, 1),
(NULL, 'PUMA', 'data/files/mall/brand/9.jpg', 8, 1),
(NULL, '美特斯邦威', 'data/files/mall/brand/10.jpg', 9, 1),
(NULL, 'Adidas', 'data/files/mall/brand/11.jpg', 10, 1),
(NULL, 'Nike', 'data/files/mall/brand/12.jpg', 11, 1);

--
-- 导出表中的数据 `ecm_category_goods`
--
delete from `ecm_category_goods`;
INSERT INTO `ecm_category_goods` (`cate_id`, `goods_id`) VALUES
(1201, 25),
(1201, 28),
(1201, 29),
(1202, 4),
(1202, 6),
(1202, 10),
(1202, 13),
(1202, 18),
(1202, 19),
(1202, 21),
(1202, 23),
(1203, 1),
(1203, 3),
(1203, 7),
(1203, 9),
(1203, 14),
(1203, 17),
(1203, 20),
(1203, 22),
(1203, 26),
(1203, 27),
(1209, 2),
(1209, 5),
(1209, 8),
(1209, 11),
(1209, 12),
(1209, 15),
(1209, 16),
(1209, 24);

--
-- 导出表中的数据 `ecm_category_store`
--
delete from `ecm_category_store`;
INSERT INTO `ecm_category_store` (`cate_id`, `store_id`) VALUES
(2, {seller_id});

delete from `ecm_collect`;

--
-- 导出表中的数据 `ecm_friend`
--

INSERT INTO `ecm_friend` (`owner_id`, `friend_id`, `add_time`) VALUES
({buyer_id}, {seller_id}, '1249545996');

--
-- 这个表必须是空的
--
delete from `ecm_gcategory`;
INSERT INTO `ecm_gcategory` (`cate_id`, `store_id`, `cate_name`, `parent_id`, `sort_order`, `if_show`) VALUES
(1, 0, '男装', 0, 255, 1),
(2, 0, 'T恤', 1, 255, 1),
(3, 0, 'Polo衫', 1, 255, 1),
(4, 0, '卫衣', 1, 255, 1),
(5, 0, '衬衫', 1, 255, 1),
(6, 0, '牛仔裤', 1, 255, 1),
(7, 0, '休闲裤', 1, 255, 1),
(8, 0, '西裤', 1, 255, 1),
(9, 0, '皮裤', 1, 255, 1),
(10, 0, '风衣', 1, 255, 1),
(11, 0, '棉衣', 1, 255, 1),
(12, 0, '皮衣', 1, 255, 1),
(13, 0, '羽绒服', 1, 255, 1),
(14, 0, '西服', 1, 255, 1),
(15, 0, '夹克', 1, 255, 1),
(16, 0, '西服套装', 1, 255, 1),
(17, 0, '背心', 1, 255, 1),
(18, 0, '毛衣', 1, 255, 1),
(19, 0, '民族服装', 1, 255, 1),
(20, 0, '工装制服', 1, 255, 1),
(21, 0, '女装/女士精品', 0, 255, 1),
(22, 0, '风衣/长大衣', 21, 255, 1),
(23, 0, '羽绒服', 21, 255, 1),
(24, 0, '棉衣/棉服', 21, 255, 1),
(25, 0, '毛衣', 21, 255, 1),
(26, 0, '超短外套', 21, 255, 1),
(27, 0, '针织衫', 21, 255, 1),
(28, 0, 'T恤', 21, 255, 1),
(29, 0, '卫衣/绒衫', 21, 255, 1),
(30, 0, '半身裙', 21, 255, 1),
(31, 0, '小西装', 21, 255, 1),
(32, 0, '裤子', 21, 255, 1),
(33, 0, '衬衫', 21, 255, 1),
(34, 0, '短外套', 21, 255, 1),
(35, 0, '中老年服装', 21, 255, 1),
(36, 0, '连衣裙', 21, 255, 1),
(37, 0, '牛仔裤', 21, 255, 1),
(38, 0, '蕾丝衫/雪纺衫', 21, 255, 1),
(57, 0, '男女内衣/家居服', 0, 255, 1),
(58, 0, '文胸', 57, 255, 1),
(59, 0, '文胸套装', 57, 255, 1),
(60, 0, '女士内裤', 57, 255, 1),
(61, 0, '男士内裤', 57, 255, 1),
(62, 0, '塑身内衣', 57, 255, 1),
(63, 0, '保暖内衣', 57, 255, 1),
(64, 0, '睡衣', 57, 255, 1),
(65, 0, '吊带/背心', 57, 255, 1),
(66, 0, '情侣内衣', 57, 255, 1),
(67, 0, '隐形胸罩', 57, 255, 1),
(68, 0, '抹胸', 57, 255, 1),
(69, 0, '袜子', 57, 255, 1),
(70, 0, '肚兜', 57, 255, 1),
(71, 0, '胸垫/胸贴/肩带/吊袜带', 57, 255, 1),
(72, 0, '其它内衣款式', 57, 255, 1),
(73, 0, '运动服/颈环配件', 0, 255, 1),
(74, 0, 'T恤', 73, 255, 1),
(75, 0, '长袖休闲T恤', 74, 255, 1),
(76, 0, '长袖排汗T恤', 74, 255, 1),
(77, 0, '短袖休闲T恤', 74, 255, 1),
(78, 0, '短袖排汗T恤', 74, 255, 1),
(79, 0, '背心/无袖', 74, 255, 1),
(80, 0, 'POLO衫', 74, 255, 1),
(81, 0, '吊带', 74, 255, 1),
(82, 0, '运动套装', 73, 255, 1),
(83, 0, '冬季套装', 82, 255, 1),
(84, 0, '夏季套装', 82, 255, 1),
(85, 0, '春秋套装', 82, 255, 1),
(86, 0, '外套', 73, 255, 1),
(87, 0, '卫衣', 86, 255, 1),
(88, 0, '风衣', 86, 255, 1),
(89, 0, '绒衣', 86, 255, 1),
(90, 0, '棉衣', 86, 255, 1),
(91, 0, '羽绒衣', 86, 255, 1),
(92, 0, '毛衣/针织', 73, 255, 1),
(93, 0, '运动裤/裙', 73, 255, 1),
(94, 0, '长裤', 93, 255, 1),
(95, 0, '中裤', 93, 255, 1),
(96, 0, '短裤', 93, 255, 1),
(97, 0, '七分/九分裤', 93, 255, 1),
(98, 0, '运动裙', 93, 255, 1),
(99, 0, '马甲', 73, 255, 1),
(100, 0, '夹克', 73, 255, 1),
(101, 0, '运动配件', 73, 255, 1),
(102, 0, '运动袜', 101, 255, 1),
(103, 0, '运动眼镜', 101, 255, 1),
(104, 0, '运动手套', 101, 255, 1),
(105, 0, '运动手表', 101, 255, 1),
(106, 0, '运动水壶', 101, 255, 1),
(107, 0, '运动毛巾', 101, 255, 1),
(108, 0, '其他运动配件', 101, 255, 1),
(109, 0, '运动包袋', 73, 255, 1),
(110, 0, '单肩包', 109, 255, 1),
(111, 0, '旅行包/箱', 109, 255, 1),
(112, 0, '钱包', 109, 255, 1),
(113, 0, '手提包', 109, 255, 1),
(114, 0, '双肩包', 109, 255, 1),
(115, 0, '桶包', 109, 255, 1),
(116, 0, '腰包', 109, 255, 1),
(117, 0, '其他运动包', 109, 255, 1),
(118, 0, '运动颈环/手环', 73, 255, 1),
(119, 0, '运动护具', 73, 255, 1),
(120, 0, '头带', 119, 255, 1),
(121, 0, '护腕', 119, 255, 1),
(122, 0, '护肘', 119, 255, 1),
(123, 0, '护膝', 119, 255, 1),
(124, 0, '护腿板', 119, 255, 1),
(125, 0, '护踝', 119, 255, 1),
(126, 0, '手套', 119, 255, 1),
(127, 0, '头盔', 119, 255, 1),
(128, 0, '护头', 119, 255, 1),
(129, 0, '护肩', 119, 255, 1),
(130, 0, '护手', 119, 255, 1),
(131, 0, '护腰', 119, 255, 1),
(132, 0, '护具套件', 119, 255, 1),
(133, 0, '其它', 119, 255, 1),
(134, 0, '服饰配件/帽子/围巾', 0, 255, 1),
(135, 0, '皮带', 134, 255, 1),
(136, 0, '腰带/腰链/腰饰', 134, 255, 1),
(137, 0, '帽子', 134, 255, 1),
(138, 0, '围巾/丝巾/披肩', 134, 255, 1),
(139, 0, '领带', 134, 255, 1),
(140, 0, '领结', 134, 255, 1),
(141, 0, '领带夹', 134, 255, 1),
(142, 0, '头巾', 134, 255, 1),
(143, 0, '袖扣', 134, 255, 1),
(144, 0, '背带', 134, 255, 1),
(162, 0, '流行男鞋', 0, 255, 1),
(163, 0, '休闲鞋', 162, 255, 1),
(164, 0, '皮鞋', 162, 255, 1),
(165, 0, '靴子', 162, 255, 1),
(166, 0, '帆布鞋', 162, 255, 1),
(167, 0, '凉鞋', 162, 255, 1),
(168, 0, '凉拖', 162, 255, 1),
(169, 0, '增高鞋', 162, 255, 1),
(170, 0, '功能鞋', 162, 255, 1),
(171, 0, '编织鞋/布鞋/手工鞋', 162, 255, 1),
(172, 0, '女鞋', 0, 255, 1),
(173, 0, '单鞋(露脚背)', 172, 255, 1),
(174, 0, '靴子', 172, 255, 1),
(175, 0, '雪地靴', 172, 255, 1),
(176, 0, '凉鞋', 172, 255, 1),
(177, 0, '凉拖', 172, 255, 1),
(178, 0, '休闲球鞋(不露脚背)', 172, 255, 1),
(179, 0, '休闲皮鞋(不露脚背)', 172, 255, 1),
(180, 0, '帆布鞋', 172, 255, 1),
(181, 0, '雨鞋/靴', 172, 255, 1),
(182, 0, '绣花鞋', 172, 255, 1),
(183, 0, '布鞋/手工鞋', 172, 255, 1),
(184, 0, '内增高鞋', 172, 255, 1),
(185, 0, '运动鞋', 0, 255, 1),
(186, 0, '篮球鞋', 185, 255, 1),
(187, 0, '跑步鞋', 185, 255, 1),
(188, 0, '足球鞋', 185, 255, 1),
(189, 0, '网球鞋', 185, 255, 1),
(190, 0, '羽毛球鞋', 185, 255, 1),
(191, 0, '全能鞋', 185, 255, 1),
(192, 0, '经典收藏鞋', 185, 255, 1),
(193, 0, '休闲鞋', 185, 255, 1),
(194, 0, '复古鞋/板鞋', 185, 255, 1),
(195, 0, '攀岩', 185, 255, 1),
(196, 0, '运动凉鞋/沙滩鞋', 185, 255, 1),
(197, 0, '排球鞋', 185, 255, 1),
(198, 0, '帆布鞋', 185, 255, 1),
(199, 0, '乒乓球鞋', 185, 255, 1),
(200, 0, '溜冰鞋', 185, 255, 1),
(201, 0, '情侣休闲鞋', 185, 255, 1),
(202, 0, '训练鞋', 185, 255, 1),
(203, 0, '运动拖鞋', 185, 255, 1),
(204, 0, '专业健身鞋', 185, 255, 1),
(205, 0, '其它', 185, 255, 1),
(206, 0, '箱包皮具/女包/男包', 0, 255, 1),
(207, 0, '女用单肩包', 206, 255, 1),
(208, 0, '女用斜挎包', 206, 255, 1),
(209, 0, '女用多功能包', 206, 255, 1),
(210, 0, '手提包', 206, 255, 1),
(211, 0, '男用单肩包', 206, 255, 1),
(212, 0, '男用手包', 206, 255, 1),
(213, 0, '男用多功能包', 206, 255, 1),
(214, 0, '钱包', 206, 255, 1),
(215, 0, '双肩背包', 206, 255, 1),
(216, 0, '旅行包/拉杆', 206, 255, 1),
(217, 0, '腰包', 206, 255, 1),
(218, 0, '胸包', 206, 255, 1),
(219, 0, '文件包/公文', 206, 255, 1),
(220, 0, '配件小包/女用手包/硬币包', 206, 255, 1),
(221, 0, '品牌手表/流行手表', 0, 255, 1),
(222, 0, '男表', 221, 255, 1),
(223, 0, '女表', 221, 255, 1),
(224, 0, '中性表', 221, 255, 1),
(225, 0, '对表', 221, 255, 1),
(226, 0, '怀表', 221, 255, 1),
(227, 0, '古董表/收藏表', 221, 255, 1),
(228, 0, '其他手表', 221, 255, 1),
(229, 0, '手表配件', 221, 255, 1),
(230, 0, 'zippo/瑞士军刀/眼镜', 0, 255, 1),
(231, 0, 'ZIPPO/芝宝', 230, 255, 1),
(232, 0, '品牌打火机/其它打火机', 230, 255, 1),
(233, 0, '瑞士军刀', 230, 255, 1),
(234, 0, '礼品刀具', 230, 255, 1),
(235, 0, '眼镜架', 230, 255, 1),
(236, 0, '眼镜片', 230, 255, 1),
(237, 0, '框架眼镜', 230, 255, 1),
(238, 0, '太阳眼镜', 230, 255, 1),
(239, 0, '功能眼镜', 230, 255, 1),
(240, 0, '游泳镜', 239, 255, 1),
(241, 0, '潜水镜', 239, 255, 1),
(242, 0, '司机镜', 239, 255, 1),
(243, 0, '滑雪镜', 239, 255, 1),
(244, 0, '电脑护目镜', 239, 255, 1),
(245, 0, '夜视镜', 239, 255, 1),
(246, 0, '近视镜', 239, 255, 1),
(247, 0, '老花镜', 239, 255, 1),
(248, 0, '眼镜配件、护理剂', 230, 255, 1),
(249, 0, '镜盒/镜袋/镜套', 248, 255, 1),
(250, 0, '镜布', 248, 255, 1),
(251, 0, '隐形眼镜伴侣盒', 248, 255, 1),
(252, 0, '隐形眼镜清洁器', 248, 255, 1),
(253, 0, '眼镜护理剂', 248, 255, 1),
(254, 0, '滴眼液、护眼用品', 230, 255, 1),
(255, 0, '烟具', 230, 255, 1),
(256, 0, '烟斗', 255, 255, 1),
(257, 0, '烟嘴', 255, 255, 1),
(258, 0, '烟斗架', 255, 255, 1),
(259, 0, '烟盒', 255, 255, 1),
(260, 0, '烟斗相关配件', 255, 255, 1),
(261, 0, '压棒及相关工具', 260, 255, 1),
(262, 0, '烟刀', 260, 255, 1),
(263, 0, '烟斗包', 260, 255, 1),
(264, 0, '烟斗清洁用品', 260, 255, 1),
(265, 0, '通条', 260, 255, 1),
(266, 0, '戒烟产品', 255, 255, 1),
(267, 0, '雪茄剪/刀', 255, 255, 1),
(268, 0, '火柴', 255, 255, 1),
(269, 0, '卷烟器', 255, 255, 1),
(270, 0, '其它', 255, 255, 1),
(271, 0, '酒具', 230, 255, 1),
(272, 0, '饰品/流行首饰/时尚饰品', 0, 255, 1),
(273, 0, '项链/项坠', 272, 255, 1),
(274, 0, '手链/手镯/脚链', 272, 255, 1),
(275, 0, '戒指/指环', 272, 255, 1),
(276, 0, '耳饰', 272, 255, 1),
(277, 0, '胸针/领针', 272, 255, 1),
(278, 0, '情侣对', 272, 255, 1),
(279, 0, '首饰套装', 272, 255, 1),
(280, 0, '发饰', 272, 255, 1),
(281, 0, '摆件', 272, 255, 1),
(282, 0, '裸石/半成品', 272, 255, 1),
(283, 0, '体环', 272, 255, 1),
(284, 0, 'DIY饰品/配件/散珠', 272, 255, 1),
(285, 0, '首饰保养/鉴定用品/首饰盒', 272, 255, 1),
(286, 0, '其它款式', 272, 255, 1),
(1200, {seller_id}, '韩版女装', 0, 1, 1),
(1201, {seller_id}, '外套', 1200, 1, 1),
(1202, {seller_id}, '长裙', 1200, 2, 1),
(1203, {seller_id}, '女裤', 1200, 3, 1),
(1204, {seller_id}, '包包', 0, 2, 1),
(1205, {seller_id}, '手提包', 1204, 1, 1),
(1206, {seller_id}, '皮夹钱包', 1204, 2, 1),
(1207, {seller_id}, '时尚女鞋', 0, 3, 1),
(1208, {seller_id}, '气质单鞋', 1207, 1, 1),
(1209, {seller_id}, '运动休闲', 1207, 2, 1);

--
-- 导出表中的数据 `ecm_goods`
--
delete from `ecm_goods`;
INSERT INTO `ecm_goods` (`goods_id`, `store_id`, `type`, `goods_name`, `description`, `cate_id`, `cate_name`, `brand`, `spec_qty`, `spec_name_1`, `spec_name_2`, `if_show`, `closed`, `close_reason`, `add_time`, `last_update`, `default_spec`, `default_image`, `recommended`, `cate_id_1`, `cate_id_2`, `cate_id_3`, `cate_id_4`, `price`) VALUES
(1, {seller_id}, 'material', '多彩人生多彩裤', '<p align="center"><img src="http://pic.shopex.cn/pictures/goodsdetail/35a.jpg" alt="" /><br /><img src="http://pic.shopex.cn/pictures/goodsdetail/35b.jpg" alt="" /><br /><img src="http://pic.shopex.cn/pictures/goodsdetail/35c.jpg" alt="" /><br /><img src="http://pic.shopex.cn/pictures/goodsdetail/35d.jpg" alt="" /><br /><img src="http://pic.shopex.cn/pictures/goodsdetail/35e.jpg" alt="" /></p>', 32, '女装/女士精品	裤子', 'ESprit', 2, '颜色', '尺码', 1, 0, NULL, 1249547077, 1249547077, 1, 'data/files/store_2/goods_179/small_200908060822598478.jpg', 1, 21, 32, 0, 0, 99.00),
(2, {seller_id}, 'material', '花色高邦运动鞋', '<p align="center"><img src="http://pic.shopex.cn/pictures/goodsdetail/danson0026.gif" alt="" /></p>\r\n<p align="center"><img src="http://pic.shopex.cn/pictures/goodsdetail/danson0027.jpg" alt="" /></p>\r\n<p align="center"><img src="http://pic.shopex.cn/pictures/goodsdetail/danson0028.jpg" alt="" /></p>', 178, '女鞋	休闲球鞋(不露脚背)', 'G-Star', 2, '颜色', '尺码', 1, 0, NULL, 1249547390, 1249547390, 4, 'data/files/store_2/goods_131/small_200908060828517782.jpg', 1, 172, 178, 0, 0, 188.00),
(3, {seller_id}, 'material', '09新款职业女裤', '<p align="center"><img src="http://pic.shopex.cn/pictures/goodsdetail/34a.jpg" alt="" /><br /><img src="http://pic.shopex.cn/pictures/goodsdetail/34b.jpg" alt="" /><br /><img src="http://pic.shopex.cn/pictures/goodsdetail/34c.jpg" alt="" /><br /><img src="http://pic.shopex.cn/pictures/goodsdetail/34d.jpg" alt="" /></p>', 32, '女装/女士精品	裤子', 'ESprit', 0, '', '', 1, 0, NULL, 1249547562, 1249547562, 8, 'data/files/store_2/goods_107/small_200908060831473107.jpg', 1, 21, 32, 0, 0, 238.00),
(4, {seller_id}, 'material', '09新款韩版淑连衣裙', '<div style="text-align: center;"><img src="http://pic.shopex.cn/pictures/goodsdetail/24.jpg" alt="" /></div>', 36, '女装/女士精品	连衣裙', 'Lee', 0, '', '', 1, 0, NULL, 1249547772, 1249547772, 9, 'data/files/store_2/goods_66/small_200908060834263919.jpg', 1, 21, 36, 0, 0, 170.00),
(5, {seller_id}, 'material', '2009耐克新款运动鞋', '<p align="center"><img src="http://pic.shopex.cn/pictures/goodsdetail/danson0025.jpg" alt="" /></p>', 191, '运动鞋	全能鞋', 'Nike', 2, '颜色', '尺码', 1, 0, NULL, 1249547890, 1249547960, 11, 'data/files/store_2/goods_70/small_200908060837502713.jpg', 1, 185, 191, 0, 0, 688.00),
(6, {seller_id}, 'material', '包邮韩版经典长袖雪纺下摆针织连衣裙', '<div style="text-align: center;"><img src="http://pic.shopex.cn/pictures/goodsdetail/23.jpg" alt="" /></div>', 36, '女装/女士精品	连衣裙', 'Nike', 0, '', '', 1, 0, NULL, 1249548137, 1249548137, 15, 'data/files/store_2/goods_95/small_200908060841358079.jpg', 1, 21, 36, 0, 0, 170.00),
(7, {seller_id}, 'material', '09春款专柜正品奢华系列9分裤', '<p align="center"><img src="http://pic.shopex.cn/pictures/goodsdetail/36a.jpg" alt="" /><br /><br /><img src="http://pic.shopex.cn/pictures/goodsdetail/36c.jpg" alt="" /><br /><img src="http://pic.shopex.cn/pictures/goodsdetail/36d.jpg" alt="" /></p>', 32, '女装/女士精品	裤子', 'ESprite', 2, '颜色', '尺码', 1, 0, NULL, 1249549645, 1249549645, 16, 'data/files/store_2/goods_186/small_200908060906263554.jpg', 1, 21, 32, 0, 0, 178.00),
(8, {seller_id}, 'material', '彪马精品练功鞋', '<p align="center"><img src="http://pic.shopex.cn/pictures/goodsdetail/danson0024.jpg" alt="" /></p>\r\n<p align="center"><img src="http://pic.shopex.cn/pictures/goodsdetail/danson0023.jpg" alt="" /></p>', 193, '运动鞋	休闲鞋', 'PUM', 2, '颜色', '尺码', 1, 0, NULL, 1249549693, 1249549816, 19, 'data/files/store_2/goods_187/small_200908060909472569.jpg', 1, 185, 193, 0, 0, 368.00),
(9, {seller_id}, 'material', '新女性职业长裤', '<p align="center"><img src="http://pic.shopex.cn/pictures/goodsdetail/32a.jpg" alt="" /><br /><img src="http://pic.shopex.cn/pictures/goodsdetail/32b.jpg" alt="" /><br /><img src="http://pic.shopex.cn/pictures/goodsdetail/32c.jpg" alt="" /><br /><img src="http://pic.shopex.cn/pictures/goodsdetail/32d.jpg" alt="" /><br /><img src="http://pic.shopex.cn/pictures/goodsdetail/32e.jpg" alt="" /></p>', 32, '女装/女士精品	裤子', 'ESprit', 0, '', '', 1, 0, NULL, 1249549936, 1249549936, 25, 'data/files/store_2/goods_98/small_200908060911381037.jpg', 1, 21, 32, 0, 0, 168.00),
(10, {seller_id}, 'material', '家居横纹休闲长裙', '<div style="text-align: center;"><img src="http://pic.shopex.cn/pictures/goodsdetail/22.jpg" alt="" /></div>', 30, '女装/女士精品	半身裙', 'G-Star', 2, '颜色', '尺码', 1, 0, NULL, 1249550129, 1249550129, 26, 'data/files/store_2/goods_69/small_200908060914291406.jpg', 1, 21, 30, 0, 0, 170.00),
(11, {seller_id}, 'material', '耐克红粉世家运动鞋', '<p align="center"><img src="http://pic.shopex.cn/pictures/goodsdetail/danson0022.gif" alt="" /></p>', 178, '女鞋	休闲球鞋(不露脚背)', 'Nike', 2, '颜色', '尺码', 1, 0, NULL, 1249550246, 1249550246, 30, 'data/files/store_2/goods_33/small_200908060917132087.jpg', 1, 172, 178, 0, 0, 268.00),
(12, {seller_id}, 'material', '09新款飞腾运动鞋', '<p align="center"><img src="http://pic.shopex.cn/pictures/goodsdetail/danson0020.jpg" alt="" /></p>\r\n<p align="center"><img src="http://pic.shopex.cn/pictures/goodsdetail/danson0021.jpg" alt="" /></p>', 187, '运动鞋	跑步鞋', 'PUMA', 0, '', '', 1, 0, NULL, 1249550348, 1249550348, 34, 'data/files/store_2/goods_123/small_200908060918436837.jpg', 1, 185, 187, 0, 0, 268.00),
(13, {seller_id}, 'material', '秀族09新款韩版淑女七分袖针织雪纺连衣裙', '<div style="text-align: center;"><img src="http://pic.shopex.cn/pictures/goodsdetail/21.jpg" alt="" /></div>', 21, '女装/女士精品', 'DIOR', 0, '', '', 1, 0, NULL, 1249550465, 1249550465, 35, 'data/files/store_2/goods_24/small_200908060920245196.jpg', 1, 21, 0, 0, 0, 179.00),
(14, {seller_id}, 'material', '春款彩色格纹系列牛仔小脚裤', '<p align="center"><img src="http://pic.shopex.cn/pictures/goodsdetail/37a.jpg" alt="" /><br /><img src="http://pic.shopex.cn/pictures/goodsdetail/37b.jpg" alt="" /><br /><img src="http://pic.shopex.cn/pictures/goodsdetail/37c.jpg" alt="" /><br /><img src="http://pic.shopex.cn/pictures/goodsdetail/37d.jpg" alt="" /></p>', 32, '女装/女士精品	裤子', 'ESprit', 0, '', '', 1, 0, NULL, 1249550608, 1249550637, 37, 'data/files/store_2/goods_128/small_200908060922084636.jpg', 1, 21, 32, 0, 0, 125.00),
(15, {seller_id}, 'material', '耐克混色女式篮球鞋', '<p align="center"><img src="http://pic.shopex.cn/pictures/goodsdetail/danson0019.jpg" alt="" /></p>', 178, '女鞋	休闲球鞋(不露脚背)', 'Nike', 2, '颜色', '尺码', 1, 0, NULL, 1249550754, 1249550754, 38, 'data/files/store_2/goods_147/small_200908060925471585.jpg', 1, 172, 178, 0, 0, 578.00),
(16, {seller_id}, 'material', '横纹方格运动鞋', '<p align="center"><img src="http://pic.shopex.cn/pictures/goodsdetail/danson0018.jpg" alt="" /></p>', 178, '女鞋	休闲球鞋(不露脚背)', '李宁', 2, '颜色', '尺码', 1, 0, NULL, 1249550876, 1249550876, 42, 'data/files/store_2/goods_67/small_200908060927474675.jpg', 1, 172, 178, 0, 0, 128.00),
(17, {seller_id}, 'material', '韩E族百搭修身紧腰休闲长裤【灰色】', '<p align="center"><img src="http://pic.shopex.cn/pictures/goodsdetail/30a.jpg" alt="" /><br /><img src="http://pic.shopex.cn/pictures/goodsdetail/30b.jpg" alt="" /><br /><img src="http://pic.shopex.cn/pictures/goodsdetail/30c.jpg" alt="" /><br /><img src="http://pic.shopex.cn/pictures/goodsdetail/30d.jpg" alt="" /></p>', 32, '女装/女士精品	裤子', 'ESprit', 0, '', '', 1, 0, NULL, 1249551261, 1249552157, 55, 'data/files/store_2/goods_121/small_200908060932011437.jpg', 1, 21, 32, 0, 0, 90.00),
(18, {seller_id}, 'material', '春针织淑女连衣裙女装', '<div style="text-align: center;"><img src="http://pic.shopex.cn/pictures/goodsdetail/20.jpg" alt="" /></div>', 30, '女装/女士精品	半身裙', 'Jack & Jones', 0, '', '', 1, 0, NULL, 1249551437, 1249551437, 47, 'data/files/store_2/goods_195/small_200908060936352784.jpg', 1, 21, 30, 0, 0, 170.00),
(19, {seller_id}, 'material', '罗衣OL气质真丝雪纺百褶裙针织背心裙', '<div style="text-align: center;"><img src="http://pic.shopex.cn/pictures/goodsdetail/19.jpg" alt="" /></div>', 30, '女装/女士精品	半身裙', '美特斯邦威', 0, '', '', 1, 0, NULL, 1249551552, 1249551552, 48, 'data/files/store_2/goods_109/small_200908060938292631.jpg', 1, 21, 30, 0, 0, 170.00),
(20, {seller_id}, 'material', '小脚牛仔铅笔裤', '<p align="center"><img src="http://pic.shopex.cn/pictures/goodsdetail/29a.jpg" alt="" /><br /><img src="http://pic.shopex.cn/pictures/goodsdetail/29b.jpg" alt="" /><br /><img src="http://pic.shopex.cn/pictures/goodsdetail/29c.jpg" alt="" /> <br /><img src="http://pic.shopex.cn/pictures/goodsdetail/29d.jpg" alt="" /><br /><img src="http://pic.shopex.cn/pictures/goodsdetail/29e.jpg" alt="" /></p>', 32, '女装/女士精品	裤子', 'ESprit', 2, '颜色', '尺码', 1, 0, NULL, 1249551779, 1249551779, 49, 'data/files/store_2/goods_143/small_200908060942233830.jpg', 1, 21, 32, 0, 0, 129.00),
(21, {seller_id}, 'material', '09春季新款简约大方高雅修身针织连衣裙983配腰带', '<div style="text-align: center;"><img src="http://pic.shopex.cn/pictures/goodsdetail/18.jpg" alt="" /></div>', 30, '女装/女士精品	半身裙', 'Adidas', 0, '', '', 1, 0, NULL, 1249552281, 1249552281, 56, 'data/files/store_2/goods_25/small_200908060950258122.jpg', 1, 21, 30, 0, 0, 170.00),
(22, {seller_id}, 'material', '新款多用型穿珠运动长裤', '<p align="center"><img src="http://pic.shopex.cn/pictures/goodsdetail/38a.jpg" alt="" /> <br /><img src="http://pic.shopex.cn/pictures/goodsdetail/38b.jpg" alt="" /> <br /><img src="http://pic.shopex.cn/pictures/goodsdetail/38c.jpg" alt="" /> <br /><img src="http://pic.shopex.cn/pictures/goodsdetail/38d.jpg" alt="" /></p>', 32, '女装/女士精品	裤子', 'ESprit', 0, '', '', 1, 0, NULL, 1249552384, 1249552384, 57, 'data/files/store_2/goods_147/small_200908060952274906.jpg', 1, 21, 32, 0, 0, 111.00),
(23, {seller_id}, 'material', '韩.春.搭.闲.优雅修身精致荡领针织连衣裙/配皮带', '<p><img src="http://pic.shopex.cn/pictures/goodsdetail/17.jpg" alt="" /></p>', 30, '女装/女士精品	半身裙', '', 0, '', '', 1, 0, NULL, 1249552499, 1249552499, 58, 'data/files/store_2/goods_64/small_200908060954245662.jpg', 1, 21, 30, 0, 0, 170.00),
(24, {seller_id}, 'material', '阿迪达斯花式运动鞋', '<p align="center"><img src="http://pic.shopex.cn/pictures/goodsdetail/danson0017.jpg" alt="" /></p>', 178, '女鞋	休闲球鞋(不露脚背)', 'Adidas', 2, '颜色', '尺码', 1, 0, NULL, 1249552624, 1249552624, 59, 'data/files/store_2/goods_20/small_200908060957002218.jpg', 1, 172, 178, 0, 0, 169.00),
(25, {seller_id}, 'material', '春款韩版卡其休闲上衣', '<div style="text-align: center;"><img src="http://pic.shopex.cn/pictures/goodsdetail/15.jpg" alt="" /><img src="http://pic.shopex.cn/pictures/goodsdetail/16.jpg" alt="" /></div>', 26, '女装/女士精品	超短外套', 'Chanel', 2, '颜色', '尺码', 1, 0, NULL, 1249552779, 1249552779, 63, 'data/files/store_2/goods_139/small_200908060958592106.jpg', 1, 21, 26, 0, 0, 128.00),
(26, {seller_id}, 'material', '喜皮风格牛仔短裤', '<p align="center"><img src="http://pic.shopex.cn/pictures/goodsdetail/39a.jpg" alt="" /> <br /><img src="http://pic.shopex.cn/pictures/goodsdetail/39b.jpg" alt="" /><br /><img src="http://pic.shopex.cn/pictures/goodsdetail/39c.jpg" alt="" /><br /><img src="http://pic.shopex.cn/pictures/goodsdetail/39d.jpg" alt="" /></p>', 32, '女装/女士精品	裤子', 'ESprit', 0, '', '', 1, 0, NULL, 1249552900, 1249552900, 67, 'data/files/store_2/goods_47/small_200908061000474424.jpg', 1, 21, 32, 0, 0, 89.00),
(27, {seller_id}, 'material', '春季尼龙休闲裤', '<p align="center"><img src="http://pic.shopex.cn/pictures/goodsdetail/26a.jpg" alt="" /> <br /><img src="http://pic.shopex.cn/pictures/goodsdetail/26b.jpg" alt="" /> <br /><img src="http://pic.shopex.cn/pictures/goodsdetail/26c.jpg" alt="" /> <br /><img src="http://pic.shopex.cn/pictures/goodsdetail/26d.jpg" alt="" /><br /><img src="http://pic.shopex.cn/pictures/goodsdetail/26e.jpg" alt="" /></p>', 32, '女装/女士精品	裤子', 'ESprit', 2, '颜色', '尺码', 1, 0, NULL, 1249553044, 1249553044, 68, 'data/files/store_2/goods_5/small_200908061003253339.jpg', 1, 21, 32, 0, 0, 288.00),
(28, {seller_id}, 'material', '欧美精贵密码七分袖名媛洋装款水钻圆领绸缎小外套', '<div style="text-align: center;"><img src="http://pic.shopex.cn/pictures/goodsdetail/14.jpg" alt="" /></div>', 26, '女装/女士精品	超短外套', '美特斯邦威', 0, '', '', 1, 0, NULL, 1249553192, 1249553238, 73, 'data/files/store_2/goods_115/small_200908061005154170.jpg', 1, 21, 26, 0, 0, 188.00),
(29, {seller_id}, 'material', '夹克.韩版新款09开衫小外套卫衣短甜美显瘦春装', '<p><img src="http://pic.shopex.cn/pictures/goodsdetail/13.jpg" alt="" /></p>', 22, '女装/女士精品	风衣/长大衣', 'PUMA', 0, '', '', 1, 0, NULL, 1249553354, 1249553354, 74, 'data/files/store_2/goods_121/small_200908061008412008.jpg', 1, 21, 22, 0, 0, 328.00);

--
-- 导出表中的数据 `ecm_goods_image`
--
delete from `ecm_goods_image`;
INSERT INTO `ecm_goods_image` (`image_id`, `goods_id`, `image_url`, `thumbnail`, `sort_order`, `file_id`) VALUES
(1, 1, 'data/files/store_2/goods_179/200908060822598478.jpg', 'data/files/store_2/goods_179/small_200908060822598478.jpg', 255, 3),
(2, 1, 'data/files/store_2/goods_197/200908060823178267.jpg', 'data/files/store_2/goods_197/small_200908060823178267.jpg', 255, 4),
(3, 1, 'data/files/store_2/goods_9/200908060823294001.jpg', 'data/files/store_2/goods_9/small_200908060823294001.jpg', 255, 5),
(4, 1, 'data/files/store_2/goods_25/200908060823452419.jpg', 'data/files/store_2/goods_25/small_200908060823452419.jpg', 255, 6),
(5, 1, 'data/files/store_2/goods_32/200908060823523184.jpg', 'data/files/store_2/goods_32/small_200908060823523184.jpg', 255, 7),
(6, 1, 'data/files/store_2/goods_43/200908060824034431.jpg', 'data/files/store_2/goods_43/small_200908060824034431.jpg', 255, 8),
(7, 2, 'data/files/store_2/goods_131/200908060828517782.jpg', 'data/files/store_2/goods_131/small_200908060828517782.jpg', 255, 9),
(8, 2, 'data/files/store_2/goods_150/200908060829102798.jpg', 'data/files/store_2/goods_150/small_200908060829102798.jpg', 255, 10),
(9, 2, 'data/files/store_2/goods_170/200908060829308411.jpg', 'data/files/store_2/goods_170/small_200908060829308411.jpg', 255, 11),
(10, 3, 'data/files/store_2/goods_107/200908060831473107.jpg', 'data/files/store_2/goods_107/small_200908060831473107.jpg', 255, 12),
(11, 3, 'data/files/store_2/goods_115/200908060831559591.jpg', 'data/files/store_2/goods_115/small_200908060831559591.jpg', 255, 13),
(12, 3, 'data/files/store_2/goods_140/200908060832202677.jpg', 'data/files/store_2/goods_140/small_200908060832202677.jpg', 255, 14),
(13, 3, 'data/files/store_2/goods_147/200908060832272714.jpg', 'data/files/store_2/goods_147/small_200908060832272714.jpg', 255, 15),
(14, 4, 'data/files/store_2/goods_66/200908060834263919.jpg', 'data/files/store_2/goods_66/small_200908060834263919.jpg', 255, 16),
(15, 4, 'data/files/store_2/goods_87/200908060834479577.jpg', 'data/files/store_2/goods_87/small_200908060834479577.jpg', 255, 17),
(16, 4, 'data/files/store_2/goods_105/200908060835054315.jpg', 'data/files/store_2/goods_105/small_200908060835054315.jpg', 255, 18),
(17, 4, 'data/files/store_2/goods_125/200908060835258625.jpg', 'data/files/store_2/goods_125/small_200908060835258625.jpg', 255, 19),
(18, 4, 'data/files/store_2/goods_141/200908060835411590.jpg', 'data/files/store_2/goods_141/small_200908060835411590.jpg', 255, 20),
(19, 4, 'data/files/store_2/goods_155/200908060835558086.jpg', 'data/files/store_2/goods_155/small_200908060835558086.jpg', 255, 21),
(20, 5, 'data/files/store_2/goods_70/200908060837502713.jpg', 'data/files/store_2/goods_70/small_200908060837502713.jpg', 255, 22),
(21, 6, 'data/files/store_2/goods_95/200908060841358079.jpg', 'data/files/store_2/goods_95/small_200908060841358079.jpg', 255, 23),
(22, 6, 'data/files/store_2/goods_108/200908060841484621.jpg', 'data/files/store_2/goods_108/small_200908060841484621.jpg', 255, 24),
(23, 6, 'data/files/store_2/goods_124/200908060842042302.jpg', 'data/files/store_2/goods_124/small_200908060842042302.jpg', 255, 25),
(24, 7, 'data/files/store_2/goods_186/200908060906263554.jpg', 'data/files/store_2/goods_186/small_200908060906263554.jpg', 255, 26),
(25, 7, 'data/files/store_2/goods_13/200908060906532764.jpg', 'data/files/store_2/goods_13/small_200908060906532764.jpg', 255, 27),
(26, 7, 'data/files/store_2/goods_36/200908060907164774.jpg', 'data/files/store_2/goods_36/small_200908060907164774.jpg', 255, 28),
(27, 8, 'data/files/store_2/goods_187/200908060909472569.jpg', 'data/files/store_2/goods_187/small_200908060909472569.jpg', 255, 29),
(28, 8, 'data/files/store_2/goods_2/200908060910023266.jpg', 'data/files/store_2/goods_2/small_200908060910023266.jpg', 255, 30),
(29, 9, 'data/files/store_2/goods_98/200908060911381037.jpg', 'data/files/store_2/goods_98/small_200908060911381037.jpg', 255, 31),
(30, 9, 'data/files/store_2/goods_128/200908060912082754.jpg', 'data/files/store_2/goods_128/small_200908060912082754.jpg', 255, 32),
(31, 10, 'data/files/store_2/goods_69/200908060914291406.jpg', 'data/files/store_2/goods_69/small_200908060914291406.jpg', 255, 33),
(32, 10, 'data/files/store_2/goods_82/200908060914426191.jpg', 'data/files/store_2/goods_82/small_200908060914426191.jpg', 255, 34),
(33, 10, 'data/files/store_2/goods_94/200908060914542008.jpg', 'data/files/store_2/goods_94/small_200908060914542008.jpg', 255, 35),
(34, 10, 'data/files/store_2/goods_126/200908060915269026.jpg', 'data/files/store_2/goods_126/small_200908060915269026.jpg', 255, 36),
(35, 11, 'data/files/store_2/goods_33/200908060917132087.jpg', 'data/files/store_2/goods_33/small_200908060917132087.jpg', 255, 37),
(36, 12, 'data/files/store_2/goods_123/200908060918436837.jpg', 'data/files/store_2/goods_123/small_200908060918436837.jpg', 255, 38),
(37, 12, 'data/files/store_2/goods_142/200908060919027810.jpg', 'data/files/store_2/goods_142/small_200908060919027810.jpg', 255, 39),
(38, 13, 'data/files/store_2/goods_24/200908060920245196.jpg', 'data/files/store_2/goods_24/small_200908060920245196.jpg', 255, 40),
(39, 13, 'data/files/store_2/goods_43/200908060920437979.jpg', 'data/files/store_2/goods_43/small_200908060920437979.jpg', 255, 41),
(40, 13, 'data/files/store_2/goods_54/200908060920546675.jpg', 'data/files/store_2/goods_54/small_200908060920546675.jpg', 255, 42),
(41, 14, 'data/files/store_2/goods_128/200908060922084636.jpg', 'data/files/store_2/goods_128/small_200908060922084636.jpg', 255, 43),
(42, 14, 'data/files/store_2/goods_141/200908060922218002.jpg', 'data/files/store_2/goods_141/small_200908060922218002.jpg', 255, 44),
(43, 14, 'data/files/store_2/goods_29/200908060923496883.jpg', 'data/files/store_2/goods_29/small_200908060923496883.jpg', 255, 45),
(44, 15, 'data/files/store_2/goods_147/200908060925471585.jpg', 'data/files/store_2/goods_147/small_200908060925471585.jpg', 255, 46),
(45, 16, 'data/files/store_2/goods_67/200908060927474675.jpg', 'data/files/store_2/goods_67/small_200908060927474675.jpg', 255, 47),
(46, 17, 'data/files/store_2/goods_121/200908060932011437.jpg', 'data/files/store_2/goods_121/small_200908060932011437.jpg', 255, 48),
(47, 17, 'data/files/store_2/goods_84/200908060934444841.jpg', 'data/files/store_2/goods_84/small_200908060934444841.jpg', 255, 49),
(48, 18, 'data/files/store_2/goods_195/200908060936352784.jpg', 'data/files/store_2/goods_195/small_200908060936352784.jpg', 255, 50),
(49, 18, 'data/files/store_2/goods_8/200908060936481674.jpg', 'data/files/store_2/goods_8/small_200908060936481674.jpg', 255, 51),
(50, 18, 'data/files/store_2/goods_24/200908060937048695.jpg', 'data/files/store_2/goods_24/small_200908060937048695.jpg', 255, 52),
(51, 19, 'data/files/store_2/goods_109/200908060938292631.jpg', 'data/files/store_2/goods_109/small_200908060938292631.jpg', 255, 53),
(52, 19, 'data/files/store_2/goods_124/200908060938443027.jpg', 'data/files/store_2/goods_124/small_200908060938443027.jpg', 255, 54),
(53, 19, 'data/files/store_2/goods_142/200908060939026685.jpg', 'data/files/store_2/goods_142/small_200908060939026685.jpg', 255, 55),
(54, 20, 'data/files/store_2/goods_143/200908060942233830.jpg', 'data/files/store_2/goods_143/small_200908060942233830.jpg', 255, 56),
(55, 20, 'data/files/store_2/goods_156/200908060942363092.jpg', 'data/files/store_2/goods_156/small_200908060942363092.jpg', 255, 57),
(56, 20, 'data/files/store_2/goods_166/200908060942462672.jpg', 'data/files/store_2/goods_166/small_200908060942462672.jpg', 255, 58),
(57, 21, 'data/files/store_2/goods_25/200908060950258122.jpg', 'data/files/store_2/goods_25/small_200908060950258122.jpg', 255, 59),
(58, 21, 'data/files/store_2/goods_39/200908060950399637.jpg', 'data/files/store_2/goods_39/small_200908060950399637.jpg', 255, 60),
(59, 21, 'data/files/store_2/goods_55/200908060950555738.jpg', 'data/files/store_2/goods_55/small_200908060950555738.jpg', 255, 61),
(60, 21, 'data/files/store_2/goods_67/200908060951072027.jpg', 'data/files/store_2/goods_67/small_200908060951072027.jpg', 255, 62),
(61, 22, 'data/files/store_2/goods_147/200908060952274906.jpg', 'data/files/store_2/goods_147/small_200908060952274906.jpg', 255, 63),
(62, 22, 'data/files/store_2/goods_157/200908060952376888.jpg', 'data/files/store_2/goods_157/small_200908060952376888.jpg', 255, 64),
(63, 23, 'data/files/store_2/goods_64/200908060954245662.jpg', 'data/files/store_2/goods_64/small_200908060954245662.jpg', 255, 65),
(64, 23, 'data/files/store_2/goods_72/200908060954323544.jpg', 'data/files/store_2/goods_72/small_200908060954323544.jpg', 255, 66),
(65, 23, 'data/files/store_2/goods_86/200908060954465326.jpg', 'data/files/store_2/goods_86/small_200908060954465326.jpg', 255, 67),
(66, 24, 'data/files/store_2/goods_20/200908060957002218.jpg', 'data/files/store_2/goods_20/small_200908060957002218.jpg', 255, 68),
(67, 25, 'data/files/store_2/goods_139/200908060958592106.jpg', 'data/files/store_2/goods_139/small_200908060958592106.jpg', 255, 69),
(68, 25, 'data/files/store_2/goods_151/200908060959114414.jpg', 'data/files/store_2/goods_151/small_200908060959114414.jpg', 255, 70),
(69, 25, 'data/files/store_2/goods_166/200908060959265796.jpg', 'data/files/store_2/goods_166/small_200908060959265796.jpg', 255, 71),
(70, 26, 'data/files/store_2/goods_47/200908061000474424.jpg', 'data/files/store_2/goods_47/small_200908061000474424.jpg', 255, 72),
(71, 26, 'data/files/store_2/goods_57/200908061000576924.jpg', 'data/files/store_2/goods_57/small_200908061000576924.jpg', 255, 73),
(72, 26, 'data/files/store_2/goods_71/200908061001114276.jpg', 'data/files/store_2/goods_71/small_200908061001114276.jpg', 255, 74),
(73, 26, 'data/files/store_2/goods_86/200908061001263175.jpg', 'data/files/store_2/goods_86/small_200908061001263175.jpg', 255, 75),
(74, 27, 'data/files/store_2/goods_5/200908061003253339.jpg', 'data/files/store_2/goods_5/small_200908061003253339.jpg', 255, 76),
(75, 27, 'data/files/store_2/goods_18/200908061003382600.jpg', 'data/files/store_2/goods_18/small_200908061003382600.jpg', 255, 77),
(76, 27, 'data/files/store_2/goods_29/200908061003494534.jpg', 'data/files/store_2/goods_29/small_200908061003494534.jpg', 255, 78),
(77, 28, 'data/files/store_2/goods_115/200908061005154170.jpg', 'data/files/store_2/goods_115/small_200908061005154170.jpg', 255, 79),
(78, 28, 'data/files/store_2/goods_14/200908061006541461.jpg', 'data/files/store_2/goods_14/small_200908061006541461.jpg', 255, 80),
(79, 28, 'data/files/store_2/goods_26/200908061007068653.jpg', 'data/files/store_2/goods_26/small_200908061007068653.jpg', 255, 81),
(80, 29, 'data/files/store_2/goods_121/200908061008412008.jpg', 'data/files/store_2/goods_121/small_200908061008412008.jpg', 255, 82),
(81, 29, 'data/files/store_2/goods_127/200908061008473587.jpg', 'data/files/store_2/goods_127/small_200908061008473587.jpg', 255, 83);

delete from `ecm_goods_qa`;
--
-- 导出表中的数据 `ecm_goods_spec`
--
delete from `ecm_goods_spec`;
INSERT INTO `ecm_goods_spec` (`spec_id`, `goods_id`, `spec_1`, `spec_2`, `color_rgb`, `price`, `stock`, `sku`) VALUES
(1, 1, '粉红色', 'XL', '', 99.00, 99, 'G49B7B00DB597F-1'),
(2, 1, '白色', 'XL', '', 99.00, 108, 'G49B7B00DB597F-2'),
(3, 1, '黄色', 'XL', '', 99.00, 108, 'G49B7B00DB597F-3'),
(4, 2, '混色', '38', '', 188.00, 100, ''),
(5, 2, '混色', '39', '', 198.00, 100, ''),
(6, 2, '深蓝色', '38', '', 188.00, 80, ''),
(7, 2, '深蓝色', '39', '', 188.00, 60, ''),
(8, 3, '', '', '', 238.00, 20, ''),
(9, 4, '', '', '', 170.00, 30, ''),
(11, 5, '蓝白混色', '39', '', 688.00, 33, ''),
(12, 5, '蓝白混色', '40', '', 688.00, 39, ''),
(13, 5, '蓝白混色', '41', '', 688.00, 99, ''),
(14, 5, '蓝白混色', '42', '', 688.00, 10, ''),
(15, 6, '', '', '', 170.00, 90, ''),
(16, 7, '黑色', '均码', '', 178.00, 20, ''),
(17, 7, '银色', '均码', '', 178.00, 30, ''),
(19, 8, '金色', '36', '', 368.00, 10, ''),
(20, 8, '金色', '37', '', 368.00, 10, ''),
(21, 8, '金色', '38', '', 368.00, 10, ''),
(22, 8, '黑色', '36', '', 368.00, 10, ''),
(23, 8, '黑色', '37', '', 368.00, 10, ''),
(24, 8, '黑色', '38', '', 368.00, 10, ''),
(25, 9, '', '', '', 168.00, 29, ''),
(26, 10, '蓝色', 'S', '', 170.00, 10, ''),
(27, 10, '蓝色', 'M', '', 170.00, 10, ''),
(28, 10, '蓝色', 'X', '', 170.00, 10, ''),
(29, 10, '蓝色', 'XL', '', 170.00, 10, ''),
(30, 11, '粉红', '36', '', 268.00, 88, ''),
(31, 11, '粉红', '37', '', 268.00, 88, ''),
(32, 11, '粉红', '38', '', 268.00, 88, ''),
(33, 11, '粉红', '39', '', 268.00, 88, ''),
(34, 12, '', '', '', 268.00, 29, ''),
(35, 13, '', '', '', 179.00, 500, ''),
(37, 14, '', '', '', 125.00, 33, ''),
(38, 15, '混色', '36', '', 578.00, 92, ''),
(39, 15, '混色', '37', '', 578.00, 92, ''),
(40, 15, '混色', '38', '', 578.00, 92, ''),
(41, 15, '混色', '39', '', 578.00, 92, ''),
(42, 16, '方格混色', '37', '', 128.00, 88, ''),
(43, 16, '方格混色', '38', '', 128.00, 88, ''),
(44, 16, '方格混色', '39', '', 128.00, 88, ''),
(55, 17, '', '', '', 90.00, 83, ''),
(47, 18, '', '', '', 170.00, 27, ''),
(48, 19, '', '', '', 170.00, 87, ''),
(49, 20, '深蓝色', 'M', '', 129.00, 99, ''),
(50, 20, '深蓝色', 'X', '', 129.00, 99, ''),
(51, 20, '白色', 'M', '', 129.00, 99, ''),
(52, 20, '白色', 'X', '', 129.00, 98, ''),
(53, 20, '粉红色', 'M', '', 129.00, 99, ''),
(54, 20, '粉红色', 'X', '', 129.00, 99, ''),
(56, 21, '', '', '', 170.00, 87, ''),
(57, 22, '', '', '', 111.00, 33, ''),
(58, 23, '', '', '', 170.00, 500, ''),
(59, 24, '花色', '36', '', 169.00, 887, ''),
(60, 24, '花色', '37', '', 169.00, 888, ''),
(61, 24, '花色', '38', '', 169.00, 888, ''),
(62, 24, '花色', '39', '', 169.00, 888, ''),
(63, 25, '灰色', 'S', '', 128.00, 88, ''),
(64, 25, '灰色', 'M', '', 128.00, 88, ''),
(65, 25, '灰色', 'L', '', 128.00, 88, ''),
(66, 25, '灰色', 'XL', '', 128.00, 88, ''),
(67, 26, '', '', '', 89.00, 98, ''),
(68, 27, '卡其色', 'M', '', 288.00, 282, ''),
(69, 27, '卡其色', 'X', '', 288.00, 282, ''),
(70, 27, '深蓝', 'M', '', 288.00, 282, ''),
(71, 27, '深蓝', 'X', '', 288.00, 282, ''),
(73, 28, '', '', '', 188.00, 2221, ''),
(74, 29, '', '', '', 328.00, 99, '');

--
-- 导出表中的数据 `ecm_goods_statistics`
--
delete from `ecm_goods_statistics`;
INSERT INTO `ecm_goods_statistics` (`goods_id`, `views`, `collects`, `carts`, `orders`, `sales`, `comments`) VALUES
(1, 1, 0, 0, 0, 0, 0),
(2, 1, 0, 0, 0, 0, 0),
(3, 0, 0, 0, 0, 0, 0),
(4, 0, 0, 0, 0, 0, 0),
(5, 0, 0, 0, 0, 0, 0),
(6, 1, 0, 1, 1, 0, 0),
(7, 0, 0, 0, 0, 0, 0),
(8, 0, 0, 0, 0, 0, 0),
(9, 0, 0, 0, 0, 0, 0),
(10, 0, 0, 0, 0, 0, 0),
(11, 0, 0, 0, 0, 0, 0),
(12, 0, 0, 0, 0, 0, 0),
(13, 0, 0, 0, 0, 0, 0),
(14, 0, 0, 0, 0, 0, 0),
(15, 0, 0, 0, 0, 0, 0),
(16, 0, 0, 0, 0, 0, 0),
(17, 0, 0, 0, 0, 0, 0),
(18, 1, 0, 1, 1, 0, 1),
(19, 1, 0, 1, 1, 1, 1),
(20, 1, 0, 1, 1, 1, 1),
(21, 1, 0, 1, 1, 0, 1),
(22, 0, 0, 0, 0, 0, 0),
(23, 0, 0, 0, 0, 0, 0),
(24, 1, 0, 1, 1, 1, 1),
(25, 0, 0, 0, 0, 0, 0),
(26, 1, 0, 1, 1, 0, 1),
(27, 0, 0, 0, 0, 0, 0),
(28, 1, 0, 1, 1, 1, 1),
(29, 0, 0, 0, 0, 0, 0);

--
-- 导出表中的数据 `ecm_order`
--
delete from `ecm_order`;
INSERT INTO `ecm_order` (`order_id`, `order_sn`, `type`, `extension`, `seller_id`, `seller_name`, `buyer_id`, `buyer_name`, `buyer_email`, `status`, `add_time`, `payment_id`, `payment_name`, `payment_code`, `out_trade_sn`, `pay_time`, `pay_message`, `ship_time`, `invoice_no`, `finished_time`, `goods_amount`, `discount`, `order_amount`, `evaluation_status`, `evaluation_time`, `anonymous`, `postscript`) VALUES
(1, '0921861930', 'material', 'normal', {seller_id}, '演示店铺', {buyer_id}, 'buyer', 'buyer@ecmall.com', 0, 1249611845, 2, '银行汇款', 'bank', '', NULL, '已付款100元', NULL, NULL, 0, 170.00, 0.00, 175.00, 0, 0, 0, ''),
(2, '0921820055', 'material', 'normal', {seller_id}, '演示店铺', {buyer_id}, 'buyer', 'buyer@ecmall.com', 40, 1249611887, 1, '货到付款', 'cod', '', 1249612115, '', 1249612111, '33333333', 1249612115, 170.00, 0.00, 180.00, 1, 1249612248, 0, '请尽快发货'),
(3, '0921801993', 'material', 'normal', {seller_id}, '演示店铺', {buyer_id}, 'buyer', 'buyer@ecmall.com', 40, 1249611902, 2, '银行汇款', 'bank', '', 1249612096, '我已汇款', 1249612102, 'cccc3333', 1249612221, 170.00, 0.00, 190.00, 1, 1249612230, 0, ''),
(4, '0921847484', 'material', 'normal', {seller_id}, '演示店铺', {buyer_id}, 'buyer', 'buyer@ecmall.com', 40, 1249611932, 2, '银行汇款', 'bank', '', 1249612086, '已付款', 1249612092, 'dddd2222', 1249612205, 129.00, 0.00, 134.00, 1, 1249612217, 0, ''),
(5, '0921838115', 'material', 'normal', {seller_id}, '演示店铺', {buyer_id}, 'buyer', 'buyer@ecmall.com', 40, 1249611951, 1, '货到付款', 'cod', '', 1249612081, '', 1249612077, 'dddd2222', 1249612081, 170.00, 0.00, 180.00, 1, 1249612201, 0, ''),
(6, '0921877812', 'material', 'normal', {seller_id}, '演示店铺', {buyer_id}, 'buyer', 'buyer@ecmall.com', 40, 1249611968, 2, '银行汇款', 'bank', '', 1249612054, '已付款', 1249612058, 'aaaaa', 1249612171, 169.00, 0.00, 174.00, 1, 1249612188, 0, ''),
(7, '0921848095', 'material', 'normal', {seller_id}, '演示店铺', {buyer_id}, 'buyer', 'buyer@ecmall.com', 40, 1249611987, 1, '货到付款', 'cod', '', 1249612050, '', 1249612042, 'abcd1234', 1249612050, 89.00, 0.00, 99.00, 1, 1249612167, 0, ''),
(8, '0921855800', 'material', 'normal', {seller_id}, '演示店铺', {buyer_id}, 'buyer', 'buyer@ecmall.com', 40, 1249611999, 2, '银行汇款', 'bank', '', 1249612021, '已付款', 1249612031, 'abcd1234', 1249612132, 188.00, 0.00, 208.00, 1, 1249612152, 0, '');

--
-- 导出表中的数据 `ecm_order_extm`
--
delete from `ecm_order_extm`;
INSERT INTO `ecm_order_extm` (`order_id`, `consignee`, `region_id`, `region_name`, `address`, `zipcode`, `phone_tel`, `phone_mob`, `shipping_id`, `shipping_name`, `shipping_fee`) VALUES
(1, '超级卖家', 43, '中国	上海市	徐汇区', '长江路15号', '200088', '021-88886666', '13366669999', 1, '平邮', 5.00),
(2, '超级卖家', 43, '中国	上海市	徐汇区', '长江路15号', '200088', '021-88886666', '13366669999', 2, '快递', 10.00),
(3, '超级卖家', 43, '中国	上海市	徐汇区', '长江路15号', '200088', '021-88886666', '13366669999', 3, 'EMS', 20.00),
(4, '超级卖家', 43, '中国	上海市	徐汇区', '长江路15号', '200088', '021-88886666', '13366669999', 1, '平邮', 5.00),
(5, '超级卖家', 43, '中国	上海市	徐汇区', '长江路15号', '200088', '021-88886666', '13366669999', 2, '快递', 10.00),
(6, '超级卖家', 43, '中国	上海市	徐汇区', '长江路15号', '200088', '021-88886666', '13366669999', 1, '平邮', 5.00),
(7, '超级卖家', 43, '中国	上海市	徐汇区', '长江路15号', '200088', '021-88886666', '13366669999', 2, '快递', 10.00),
(8, '超级卖家', 43, '中国	上海市	徐汇区', '长江路15号', '200088', '021-88886666', '13366669999', 3, 'EMS', 20.00);

--
-- 导出表中的数据 `ecm_order_goods`
--
delete from `ecm_order_goods`;
INSERT INTO `ecm_order_goods` (`rec_id`, `order_id`, `goods_id`, `goods_name`, `spec_id`, `specification`, `price`, `quantity`, `goods_image`, `evaluation`, `comment`, `credit_value`, `is_valid`) VALUES
(1, 1, 6, '包邮韩版经典长袖雪纺下摆针织连衣裙', 15, '', 170.00, 1, 'data/files/store_2/goods_95/small_200908060841358079.jpg', 0, '', 0, 1),
(2, 2, 18, '春针织淑女连衣裙女装', 47, '', 170.00, 1, 'data/files/store_2/goods_195/small_200908060936352784.jpg', 3, '板型很好，做工不错', 1, 1),
(3, 3, 19, '罗衣OL气质真丝雪纺百褶裙针织背心裙', 48, '', 170.00, 1, 'data/files/store_2/goods_109/small_200908060938292631.jpg', 3, '发货很快，我很满意', 1, 1),
(4, 4, 20, '小脚牛仔铅笔裤', 52, '颜色:白色 尺码:X', 129.00, 1, 'data/files/store_2/goods_143/small_200908060942233830.jpg', 3, '穿起来那叫一个好看', 1, 1),
(5, 5, 21, '09春季新款简约大方高雅修身针织连衣裙983配腰带', 56, '', 170.00, 1, 'data/files/store_2/goods_25/small_200908060950258122.jpg', 3, '做工很不错', 1, 1),
(6, 6, 24, '阿迪达斯花式运动鞋', 59, '颜色:花色 尺码:36', 169.00, 1, 'data/files/store_2/goods_20/small_200908060957002218.jpg', 3, '穿着太舒服了，发货也快', 1, 1),
(7, 7, 26, '喜皮风格牛仔短裤', 67, '', 89.00, 1, 'data/files/store_2/goods_47/small_200908061000474424.jpg', 2, '没有想象中的好', 0, 1),
(8, 8, 28, '欧美精贵密码七分袖名媛洋装款水钻圆领绸缎小外套', 73, '', 188.00, 1, 'data/files/store_2/goods_115/small_200908061005154170.jpg', 3, '穿上很好看，价格也实在', 1, 1);

--
-- 导出表中的数据 `ecm_order_log`
--
delete from `ecm_order_log`;
INSERT INTO `ecm_order_log` (`log_id`, `order_id`, `operator`, `order_status`, `changed_status`, `remark`, `log_time`) VALUES
(1, 8, 'seller', '待付款', '待发货', '', 1249612021),
(2, 8, 'seller', '待发货', '已发货', '', 1249612031),
(3, 7, 'seller', '已提交', '待发货', '', 1249612038),
(4, 7, 'seller', '待发货', '已发货', '', 1249612042),
(5, 7, 'seller', '已发货', '已完成', '', 1249612050),
(6, 6, 'seller', '待付款', '待发货', '', 1249612054),
(7, 6, 'seller', '待发货', '已发货', '', 1249612058),
(8, 5, 'seller', '已提交', '待发货', '', 1249612069),
(9, 5, 'seller', '待发货', '已发货', '', 1249612077),
(10, 5, 'seller', '已发货', '已完成', '', 1249612081),
(11, 4, 'seller', '待付款', '待发货', '', 1249612086),
(12, 4, 'seller', '待发货', '已发货', '', 1249612092),
(13, 3, 'seller', '待付款', '待发货', '', 1249612096),
(14, 3, 'seller', '待发货', '已发货', '', 1249612102),
(15, 2, 'seller', '已提交', '待发货', '', 1249612106),
(16, 2, 'seller', '待发货', '已发货', '', 1249612111),
(17, 2, 'seller', '已发货', '已完成', '', 1249612115),
(18, 1, 'seller', '待付款', '已取消', '不是有效的订单', 1249612121),
(19, 8, 'buyer', '已发货', '已完成', '买家确认收货', 1249612132),
(20, 6, 'buyer', '已发货', '已完成', '买家确认收货', 1249612171),
(21, 4, 'buyer', '已发货', '已完成', '买家确认收货', 1249612205),
(22, 3, 'buyer', '已发货', '已完成', '买家确认收货', 1249612221);

--
-- 导出表中的数据 `ecm_partner`
--
delete from `ecm_partner`;
INSERT INTO `ecm_partner` (`partner_id`, `store_id`, `title`, `link`, `logo`, `sort_order`) VALUES
(2, {seller_id}, 'ECMall', 'http://ecmall.shopex.cn', NULL, 1),
(3, {seller_id}, 'ECShop', 'http://www.ecshop.com', NULL, 2),
(4, 0, '上海商派', 'http://www.shopex.cn', 'data/files/mall/partner/4.png', 1),
(5, 0, '支付宝', 'http://www.alipay.com', 'data/files/mall/partner/5.gif', 2),
(6, 0, '财付通', 'http://www.tenpay.com', 'data/files/mall/partner/6.PNG', 3);

--
-- 导出表中的数据 `ecm_payment`
--
delete from `ecm_payment`;
INSERT INTO `ecm_payment` (`payment_id`, `store_id`, `payment_code`, `payment_name`, `payment_desc`, `config`, `is_online`, `enabled`, `sort_order`) VALUES
(1, {seller_id}, 'cod', '货到付款', '送货上门，看货后付款', '', 0, 1, 2),
(2, {seller_id}, 'bank', '银行汇款', '中国工商银行 955880001118282828 张老板\r\n中国农业银行 138292992992929292 张老板', '', 0, 1, 1);

--
-- 导出表中的数据 `ecm_recommend`
--
delete from `ecm_recommend`;
INSERT INTO `ecm_recommend` (`recom_id`, `recom_name`, `store_id`) VALUES
(15, '裙子2', 0),
(14, '裙子1', 0),
(13, '外套2', 0),
(12, '外套1', 0),
(11, '精品', 0),
(10, '特价2', 0),
(9, '特价1', 0);

--
-- 导出表中的数据 `ecm_recommended_goods`
--
delete from `ecm_recommended_goods`;
INSERT INTO `ecm_recommended_goods` (`recom_id`, `goods_id`, `sort_order`) VALUES
(15, 17, 255),
(15, 18, 255),
(15, 19, 255),
(15, 20, 255),
(15, 21, 255),
(15, 22, 255),
(15, 23, 255),
(15, 24, 255),
(15, 25, 255),
(15, 26, 255),
(15, 27, 255),
(14, 28, 255),
(14, 29, 255),
(14, 1, 255),
(14, 2, 255),
(14, 3, 255),
(14, 4, 255),
(13, 5, 255),
(13, 6, 255),
(13, 7, 255),
(13, 8, 255),
(13, 9, 255),
(13, 10, 255),
(13, 11, 255),
(13, 12, 255),
(12, 13, 255),
(12, 14, 255),
(12, 15, 255),
(12, 16, 255),
(11, 17, 255),
(11, 18, 255),
(11, 19, 255),
(11, 20, 255),
(11, 21, 255),
(11, 22, 255),
(10, 23, 255),
(10, 24, 255),
(10, 25, 255),
(10, 26, 255),
(9, 27, 255),
(9, 28, 255),
(9, 29, 255);

--
-- 导出表中的数据 `ecm_region`
--
delete from `ecm_region`;
INSERT INTO `ecm_region` (`region_id`, `region_name`, `parent_id`, `sort_order`) VALUES
(2, '中国', 0, 255),
(3, '北京市', 2, 255),
(4, '东城', 3, 255),
(5, '西城', 3, 255),
(6, '崇文', 3, 255),
(7, '宣武', 3, 255),
(8, '朝阳', 3, 255),
(9, '海淀', 3, 255),
(10, '丰台', 3, 255),
(11, '石景山', 3, 255),
(12, '门头沟', 3, 255),
(13, '房山', 3, 255),
(14, '通州', 3, 255),
(15, '顺义', 3, 255),
(16, '大兴', 3, 255),
(17, '昌平', 3, 255),
(18, '平谷', 3, 255),
(19, '怀柔', 3, 255),
(20, '延庆', 3, 255),
(21, '密云', 3, 255),
(22, '天津市', 2, 255),
(23, '和平区', 22, 255),
(24, '河东区', 22, 255),
(25, '河西区', 22, 255),
(26, '南开区', 22, 255),
(27, '河北区', 22, 255),
(28, '红桥区', 22, 255),
(29, '塘沽区', 22, 255),
(30, '汉沽区', 22, 255),
(31, '大港区', 22, 255),
(32, '西青区', 22, 255),
(33, '东丽区', 22, 255),
(34, '津南区', 22, 255),
(35, '北辰区', 22, 255),
(36, '武清区', 22, 255),
(37, '宝坻区', 22, 255),
(38, '静海县', 22, 255),
(39, '宁河县', 22, 255),
(40, '蓟县', 22, 255),
(41, '上海市', 2, 255),
(42, '浦东新区', 41, 255),
(43, '徐汇区', 41, 255),
(44, '长宁区', 41, 255),
(45, '普陀区', 41, 255),
(46, '闸北区', 41, 255),
(47, '虹口区', 41, 255),
(48, '杨浦区', 41, 255),
(49, '黄浦区', 41, 255),
(50, '卢湾区', 41, 255),
(51, '静安区', 41, 255),
(52, '宝山区', 41, 255),
(53, '闵行区', 41, 255),
(54, '嘉定区', 41, 255),
(55, '金山区', 41, 255),
(56, '松江区', 41, 255),
(57, '青浦区', 41, 255),
(58, '崇明县', 41, 255),
(59, '奉贤区', 41, 255),
(60, '南汇区', 41, 255),
(61, '重庆市', 2, 255),
(62, '渝中', 61, 255),
(63, '大渡口', 61, 255),
(64, '江北', 61, 255),
(65, '沙坪坝', 61, 255),
(66, '九龙坡', 61, 255),
(67, '南岸', 61, 255),
(68, '北碚', 61, 255),
(69, '渝北', 61, 255),
(70, '巴南', 61, 255),
(71, '北部新区', 61, 255),
(72, '经开区', 61, 255),
(73, '万盛', 61, 255),
(74, '双桥', 61, 255),
(75, '綦江', 61, 255),
(76, '潼南', 61, 255),
(77, '铜梁', 61, 255),
(78, '大足', 61, 255),
(79, '荣昌', 61, 255),
(80, '璧山', 61, 255),
(81, '江津', 61, 255),
(82, '合川', 61, 255),
(83, '永川', 61, 255),
(84, '南川', 61, 255),
(85, '万州', 61, 255),
(86, '涪陵', 61, 255),
(87, '黔江', 61, 255),
(88, '长寿', 61, 255),
(89, '梁平', 61, 255),
(90, '城口', 61, 255),
(91, '丰都', 61, 255),
(92, '垫江', 61, 255),
(93, '武隆', 61, 255),
(94, '忠县', 61, 255),
(95, '开县', 61, 255),
(96, '云阳', 61, 255),
(97, '奉节', 61, 255),
(98, '巫山', 61, 255),
(99, '巫溪', 61, 255),
(100, '石柱', 61, 255),
(101, '秀山', 61, 255),
(102, '酉阳', 61, 255),
(103, '彭水', 61, 255),
(104, '河北省', 2, 255),
(105, '石家庄', 104, 255),
(106, '衡水', 104, 255),
(107, '唐山', 104, 255),
(108, '秦皇岛', 104, 255),
(109, '张家口', 104, 255),
(110, '承德', 104, 255),
(111, '邯郸', 104, 255),
(112, '沧州', 104, 255),
(113, '邢台', 104, 255),
(114, '保定', 104, 255),
(115, '廊坊', 104, 255),
(116, '山西省', 2, 255),
(117, '太原市', 116, 255),
(118, '大同市', 116, 255),
(119, '朔州市', 116, 255),
(120, '忻州市', 116, 255),
(121, '长治市', 116, 255),
(122, '阳泉市', 116, 255),
(123, '晋中市', 116, 255),
(124, '吕梁市', 116, 255),
(125, '晋城市', 116, 255),
(126, '临汾市', 116, 255),
(127, '运城市', 116, 255),
(128, '辽宁省', 2, 255),
(129, '沈阳', 128, 255),
(130, '大连', 128, 255),
(131, '鞍山', 128, 255),
(132, '抚顺', 128, 255),
(133, '本溪', 128, 255),
(134, '丹东', 128, 255),
(135, '锦州', 128, 255),
(136, '营口', 128, 255),
(137, '阜新', 128, 255),
(138, '辽阳', 128, 255),
(139, '铁岭', 128, 255),
(140, '朝阳', 128, 255),
(141, '盘锦', 128, 255),
(142, '葫芦岛', 128, 255),
(143, '吉林省', 2, 255),
(144, '长春市', 143, 255),
(145, '吉林市', 143, 255),
(146, '四平市', 143, 255),
(147, '辽源市', 143, 255),
(148, '通化市', 143, 255),
(149, '白山市', 143, 255),
(150, '松原市', 143, 255),
(151, '白城市', 143, 255),
(152, '延边州', 143, 255),
(153, '黑龙江省', 2, 255),
(154, '哈尔滨', 153, 255),
(155, '齐齐哈尔', 153, 255),
(156, '牡丹江', 153, 255),
(157, '佳木斯', 153, 255),
(158, '大庆', 153, 255),
(159, '鸡西', 153, 255),
(160, '伊春', 153, 255),
(161, '双鸭山', 153, 255),
(162, '七台河', 153, 255),
(163, '鹤岗', 153, 255),
(164, '黑河', 153, 255),
(165, '绥化', 153, 255),
(166, '大兴安岭', 153, 255),
(167, '内蒙古自治区', 2, 255),
(168, '呼和浩特市', 167, 255),
(169, '包头市', 167, 255),
(170, '乌海市', 167, 255),
(171, '赤峰市', 167, 255),
(172, '通辽市', 167, 255),
(173, '鄂尔多斯市', 167, 255),
(174, '呼伦贝尔市', 167, 255),
(175, '巴彦淖尔市', 167, 255),
(176, '乌兰察布市', 167, 255),
(177, '锡林郭勒盟', 167, 255),
(178, '兴安盟', 167, 255),
(179, '阿拉善盟', 167, 255),
(180, '江苏省', 2, 255),
(181, '南京', 180, 255),
(182, '苏州', 180, 255),
(183, '无锡', 180, 255),
(184, '常州', 180, 255),
(185, '扬州', 180, 255),
(186, '南通', 180, 255),
(187, '镇江', 180, 255),
(188, '泰州', 180, 255),
(189, '淮安', 180, 255),
(190, '徐州', 180, 255),
(191, '盐城', 180, 255),
(192, '宿迁', 180, 255),
(193, '连云港', 180, 255),
(194, '浙江省', 2, 255),
(195, '杭州', 194, 255),
(196, '宁波', 194, 255),
(197, '温州', 194, 255),
(198, '嘉兴', 194, 255),
(199, '湖州', 194, 255),
(200, '绍兴', 194, 255),
(201, '金华', 194, 255),
(202, '衢州', 194, 255),
(203, '舟山', 194, 255),
(204, '台州', 194, 255),
(205, '丽水', 194, 255),
(206, '安徽省', 2, 255),
(207, '淮北市', 206, 255),
(208, '合肥市', 206, 255),
(209, '六安市', 206, 255),
(210, '亳州市', 206, 255),
(211, '宿州市', 206, 255),
(212, '阜阳市', 206, 255),
(213, '蚌埠市', 206, 255),
(214, '淮南市', 206, 255),
(215, '滁州市', 206, 255),
(216, '巢湖市', 206, 255),
(217, '芜湖市', 206, 255),
(218, '马鞍山', 206, 255),
(219, '安庆市', 206, 255),
(220, '池州市', 206, 255),
(221, '铜陵市', 206, 255),
(222, '宣城市', 206, 255),
(223, '黄山市', 206, 255),
(224, '福建省', 2, 255),
(225, '福州市', 224, 255),
(226, '厦门市', 224, 255),
(227, '莆田市', 224, 255),
(228, '三明市', 224, 255),
(229, '泉州市', 224, 255),
(230, '漳州市', 224, 255),
(231, '南平市', 224, 255),
(232, '龙岩市', 224, 255),
(233, '宁德市', 224, 255),
(234, '江西省', 2, 255),
(235, '南昌市', 234, 255),
(236, '景德镇市', 234, 255),
(237, '萍乡市', 234, 255),
(238, '九江市', 234, 255),
(239, '新余市', 234, 255),
(240, '鹰潭市', 234, 255),
(241, '赣州市', 234, 255),
(242, '吉安市', 234, 255),
(243, '宜春市', 234, 255),
(244, '抚州市', 234, 255),
(245, '上饶市', 234, 255),
(246, '山东省', 2, 255),
(247, '济南', 246, 255),
(248, '青岛', 246, 255),
(249, '淄博', 246, 255),
(250, '泰安', 246, 255),
(251, '济宁', 246, 255),
(252, '德州', 246, 255),
(253, '日照', 246, 255),
(254, '潍坊', 246, 255),
(255, '枣庄', 246, 255),
(256, '临沂', 246, 255),
(257, '莱芜', 246, 255),
(258, '滨州', 246, 255),
(259, '聊城', 246, 255),
(260, '菏泽', 246, 255),
(261, '烟台', 246, 255),
(262, '威海', 246, 255),
(263, '东营', 246, 255),
(264, '河南省', 2, 255),
(265, '郑州市', 264, 255),
(266, '洛阳市', 264, 255),
(267, '开封市', 264, 255),
(268, '平顶山市', 264, 255),
(269, '南阳市', 264, 255),
(270, '焦作市', 264, 255),
(271, '信阳市', 264, 255),
(272, '济源市', 264, 255),
(273, '周口市', 264, 255),
(274, '安阳市', 264, 255),
(275, '驻马店市', 264, 255),
(276, '新乡市', 264, 255),
(277, '鹤壁市', 264, 255),
(278, '商丘市', 264, 255),
(279, '漯河市', 264, 255),
(280, '许昌市', 264, 255),
(281, '三门峡市', 264, 255),
(282, '濮阳市', 264, 255),
(283, '湖北省', 2, 255),
(284, '武汉', 283, 255),
(285, '宜昌', 283, 255),
(286, '荆州', 283, 255),
(287, '十堰', 283, 255),
(288, '襄樊', 283, 255),
(289, '黄石', 283, 255),
(290, '黄冈', 283, 255),
(291, '恩施', 283, 255),
(292, '荆门', 283, 255),
(293, '咸宁', 283, 255),
(294, '孝感', 283, 255),
(295, '鄂州', 283, 255),
(296, '天门', 283, 255),
(297, '仙桃', 283, 255),
(298, '随州', 283, 255),
(299, '潜江', 283, 255),
(300, '神农架', 283, 255),
(301, '湖南省', 2, 255),
(302, '长沙市', 301, 255),
(303, '株洲市', 301, 255),
(304, '湘潭市', 301, 255),
(305, '邵阳市', 301, 255),
(306, '吉首市', 301, 255),
(307, '岳阳市', 301, 255),
(308, '娄底市', 301, 255),
(309, '怀化市', 301, 255),
(310, '永州市', 301, 255),
(311, '郴州市', 301, 255),
(312, '常德市', 301, 255),
(313, '衡阳市', 301, 255),
(314, '益阳市', 301, 255),
(315, '张家界', 301, 255),
(316, '湘西州', 301, 255),
(317, '广东省', 2, 255),
(318, '广州', 317, 255),
(319, '深圳', 317, 255),
(320, '珠海', 317, 255),
(321, '汕头', 317, 255),
(322, '佛山', 317, 255),
(323, '东莞', 317, 255),
(324, '中山', 317, 255),
(325, '江门', 317, 255),
(326, '惠州', 317, 255),
(327, '肇庆', 317, 255),
(328, '阳江', 317, 255),
(329, '韶关', 317, 255),
(330, '河源', 317, 255),
(331, '梅州', 317, 255),
(332, '清远', 317, 255),
(333, '云浮', 317, 255),
(334, '茂名', 317, 255),
(335, '汕尾', 317, 255),
(336, '揭阳', 317, 255),
(337, '潮州', 317, 255),
(338, '湛江', 317, 255),
(339, '海南省', 2, 255),
(340, '海口市', 339, 255),
(341, '三亚市', 339, 255),
(342, '广西壮族自治区', 2, 255),
(343, '南宁', 342, 255),
(344, '柳州', 342, 255),
(345, '桂林', 342, 255),
(346, '梧州', 342, 255),
(347, '北海', 342, 255),
(348, '防城港', 342, 255),
(349, '钦州', 342, 255),
(350, '贵港', 342, 255),
(351, '玉林', 342, 255),
(352, '百色', 342, 255),
(353, '贺州', 342, 255),
(354, '河池', 342, 255),
(355, '来宾', 342, 255),
(356, '崇左', 342, 255),
(357, '四川省', 2, 255),
(358, '成都', 357, 255),
(359, '自贡', 357, 255),
(360, '攀枝花', 357, 255),
(361, '泸州', 357, 255),
(362, '德阳', 357, 255),
(363, '绵阳', 357, 255),
(364, '广元', 357, 255),
(365, '遂宁', 357, 255),
(366, '内江', 357, 255),
(367, '资阳', 357, 255),
(368, '乐山', 357, 255),
(369, '眉山', 357, 255),
(370, '南充', 357, 255),
(371, '宜宾', 357, 255),
(372, '广安', 357, 255),
(373, '达州', 357, 255),
(374, '巴中', 357, 255),
(375, '雅安', 357, 255),
(376, '阿坝', 357, 255),
(377, '甘孜', 357, 255),
(378, '凉山', 357, 255),
(379, '贵州省', 2, 255),
(380, '贵阳市', 379, 255),
(381, '遵义市', 379, 255),
(382, '安顺市', 379, 255),
(383, '六盘水市', 379, 255),
(384, '毕节地区', 379, 255),
(385, '铜仁地区', 379, 255),
(386, '黔东南州', 379, 255),
(387, '黔南州', 379, 255),
(388, '黔西南州', 379, 255),
(389, '云南省', 2, 255),
(390, '昆明市', 389, 255),
(391, '曲靖市', 389, 255),
(392, '红河哈尼族彝族自治州', 389, 255),
(393, '昭通市', 389, 255),
(394, '玉溪市', 389, 255),
(395, '德宏傣族景颇族自治州', 389, 255),
(396, '丽江市', 389, 255),
(397, '迪庆藏族自治州', 389, 255),
(398, '文山壮族苗族自治州', 389, 255),
(399, '思茅市', 389, 255),
(400, '大理白族自治州', 389, 255),
(401, '怒江傈僳族自治州', 389, 255),
(402, '保山市', 389, 255),
(403, '楚雄彝族自治州', 389, 255),
(404, '西双版纳傣族自治州', 389, 255),
(405, '临沧市', 389, 255),
(406, '西藏自治区', 2, 255),
(407, '拉萨', 406, 255),
(408, '日喀则', 406, 255),
(409, '林芝', 406, 255),
(410, '山南', 406, 255),
(411, '那曲', 406, 255),
(412, '昌都', 406, 255),
(413, '阿里', 406, 255),
(414, '陕西省', 2, 255),
(415, '西安市', 414, 255),
(416, '铜川市', 414, 255),
(417, '宝鸡市', 414, 255),
(418, '咸阳市', 414, 255),
(419, '渭南市', 414, 255),
(420, '延安市', 414, 255),
(421, '汉中市', 414, 255),
(422, '榆林市', 414, 255),
(423, '安康市', 414, 255),
(424, '商洛市', 414, 255),
(425, '甘肃省', 2, 255),
(426, '兰州市', 425, 255),
(427, '嘉峪关', 425, 255),
(428, '金昌市', 425, 255),
(429, '白银市', 425, 255),
(430, '天水市', 425, 255),
(431, '酒泉市', 425, 255),
(432, '张掖市', 425, 255),
(433, '武威市', 425, 255),
(434, '定西市', 425, 255),
(435, '陇南市', 425, 255),
(436, '平凉市', 425, 255),
(437, '庆阳市', 425, 255),
(438, '临夏州', 425, 255),
(439, '甘南州', 425, 255),
(440, '青海省', 2, 255),
(441, '西宁市', 440, 255),
(442, '海东行署', 440, 255),
(443, '海北藏族自治州', 440, 255),
(444, '海南藏族自治州', 440, 255),
(445, '海西州', 440, 255),
(446, '黄南藏族自治州', 440, 255),
(447, '玉树藏族自治州', 440, 255),
(448, '果洛藏族自治州', 440, 255),
(449, '宁夏回族自治区', 2, 255),
(450, '银川市', 449, 255),
(451, '石嘴山市', 449, 255),
(452, '吴忠市', 449, 255),
(453, '固原市', 449, 255),
(454, '中卫市', 449, 255),
(455, '新疆维吾尔自治区', 2, 255),
(456, '伊犁哈萨克自治州', 455, 255),
(457, '乌鲁木齐市', 455, 255),
(458, '昌吉回族自治州', 455, 255),
(459, '石河子市', 455, 255),
(460, '克拉玛依市', 455, 255),
(461, '阿勒泰地区', 455, 255),
(462, '博尔塔拉蒙古自治州', 455, 255),
(463, '塔城地区', 455, 255),
(464, '和田地区', 455, 255),
(465, '克孜勒苏克尔克孜自治州', 455, 255),
(466, '喀什地区', 455, 255),
(467, '阿克苏地区', 455, 255),
(468, '巴音郭楞蒙古自治州', 455, 255),
(469, '吐鲁番地区', 455, 255),
(470, '哈密地区', 455, 255),
(471, '五家渠市', 455, 255),
(472, '阿拉尔市', 455, 255),
(473, '图木舒克市', 455, 255),
(474, '香港特别行政区', 2, 255),
(475, '澳门特别行政区', 2, 255),
(476, '台湾省', 2, 255);

--
-- 导出表中的数据 `ecm_scategory`
--
delete from `ecm_scategory`;
INSERT INTO `ecm_scategory` (`cate_id`, `cate_name`, `parent_id`, `sort_order`) VALUES
(1, '服饰', 0, 255),
(2, '女装/女士精品', 1, 255),
(3, '男装', 1, 255),
(4, '女鞋', 1, 255),
(5, '流行男鞋', 1, 255),
(6, '运动鞋', 1, 255),
(7, '女士内衣/男士内衣/家居服', 1, 255),
(8, '箱包皮具/热销女包/男包', 1, 255),
(9, '运动服/运动包/颈环配件', 1, 255),
(10, '服饰配件/皮带/帽子/围巾', 1, 255),
(11, '手机/数码/办公/家电', 0, 255),
(12, '手机', 11, 255),
(13, '国货精品手机', 11, 255),
(14, '笔记本电脑', 11, 255),
(15, '电脑硬件/台式整机/网络设备', 11, 255),
(16, 'MP3/MP4/iPod/录音笔', 11, 255),
(17, '数码相机/摄像机/图形冲印', 11, 255),
(18, '3C数码配件市场', 11, 255),
(19, '网络服务/电脑软件', 11, 255),
(20, '闪存卡/U盘/移动存储', 11, 255),
(21, '电玩/配件/游戏/攻略', 11, 255),
(22, '办公设备/文具/耗材', 11, 255),
(23, '影音电器', 11, 255),
(24, '美容护肤/个人护理', 0, 255),
(25, '美容护肤/美体/精油', 24, 255),
(26, '彩妆/香水/美发/工具', 24, 255),
(27, '个人护理/保健/按摩器材', 24, 255),
(28, '家居/母婴/食品', 0, 255),
(29, '居家日用/厨房餐饮/卫浴洗浴', 28, 255),
(30, '时尚家饰/工艺品/十字绣', 28, 255),
(31, '家具/家具定制/宜家代购', 28, 255),
(32, '家纺/床品/地毯/布艺', 28, 255),
(33, '装潢/灯具/五金/安防/卫浴', 28, 255),
(34, '保健食品', 28, 255),
(35, '食品/茶叶/零食/特产', 28, 255),
(36, '奶粉/尿片/母婴用品', 28, 255),
(37, '益智玩具/童车/童床/书包', 28, 255),
(38, '童装/童鞋/孕妇装', 28, 255),
(39, '宠物/宠物食品及用品', 28, 255),
(40, '厨房电器', 28, 255),
(41, '生活电器', 28, 255),
(42, '文体/汽车', 0, 255),
(43, '书籍/杂志/报纸', 42, 255),
(44, '音乐/影视/明星/乐器', 42, 255),
(45, '运动/瑜伽/健身/球迷用品', 42, 255),
(46, '户外/登山/野营/涉水', 42, 255),
(47, '汽车/配件/改装/摩托/自行车', 42, 255),
(48, '珠宝/首饰', 0, 255),
(49, '饰品/流行首饰/时尚饰品', 48, 255),
(50, '珠宝/钻石/翡翠/黄金', 48, 255),
(51, '品牌手表/流行手表', 48, 255),
(52, '收藏/爱好', 0, 255),
(53, '古董/邮币/字画/收藏', 52, 255),
(54, '玩具/模型/娃娃/人偶', 52, 255),
(55, 'ZIPPO/瑞士军刀/眼镜', 52, 255),
(56, '游戏/话费', 0, 255),
(57, '腾讯QQ专区', 56, 255),
(58, '网游装备/游戏币/帐号/代练', 56, 255),
(59, '网络游戏点卡', 56, 255),
(60, '移动/联通/小灵通充值中心', 56, 255),
(61, 'IP卡/网络电话/手机号码', 56, 255),
(62, '生活服务', 0, 255),
(63, '成人用品/避孕用品/情趣内衣', 62, 255),
(64, '网店装修/物流快递/图片存储', 62, 255),
(65, '鲜花速递/蛋糕配送/园艺花艺', 62, 255),
(66, '演出/旅游/吃喝玩乐折扣券', 62, 255);

--
-- 导出表中的数据 `ecm_sgrade`
--
delete from `ecm_sgrade` where grade_id > 1;
INSERT INTO `ecm_sgrade` (`grade_id`, `grade_name`, `goods_limit`, `space_limit`, `skin_limit`, `charge`, `need_confirm`, `description`, `functions`, `skins`, `sort_order`) VALUES
(2, '认证店铺', 200, 1000, 5, '200元/年', 1, '申请时需要上传身份证和营业执照复印件', 'editor_multimedia,coupon,groupbuy', 'default|default,default|style1,default|style2,default|style3,default|style4', 255);

--
-- 导出表中的数据 `ecm_shipping`
--
delete from `ecm_shipping`;
INSERT INTO `ecm_shipping` (`shipping_id`, `store_id`, `shipping_name`, `shipping_desc`, `first_price`, `step_price`, `cod_regions`, `enabled`, `sort_order`) VALUES
(1, {seller_id}, '平邮', '普通包裹邮寄', 5.00, 5.00, NULL, 1, 255),
(2, {seller_id}, '快递', '急速快递公司', 10.00, 10.00, 'a:2:{i:3;s:11:"中国	北京市";i:41;s:11:"中国	上海市";}', 1, 1),
(3, {seller_id}, 'EMS', '中国邮政特快专递，全国范围可达', 20.00, 10.00, NULL, 1, 3);

--
-- 导出表中的数据 `ecm_store`
--
delete from `ecm_store`;
INSERT INTO `ecm_store` (`store_id`, `store_name`, `owner_name`, `owner_card`, `region_id`, `region_name`, `address`, `zipcode`, `tel`, `sgrade`, `apply_remark`, `credit_value`, `praise_rate`, `domain`, `state`, `close_reason`, `add_time`, `end_time`, `certification`, `sort_order`, `recommended`, `theme`, `store_banner`, `store_logo`, `description`, `image_1`, `image_2`, `image_3`, `im_qq`, `im_ww`, `im_msn`) VALUES
({seller_id}, '演示店铺', '张老板', '123456789012345678', 9, '中国	北京市	海淀', '人民大街16号', '100088', '010-88886666-8866', 2, '', 6, 85.71, '', 1, '', 1249543819, 0, '', 0, 1, '', NULL, NULL, '', '', '', '', '', '', '');

--
-- 导出表中的数据 `ecm_uploaded_file`
--
delete from `ecm_uploaded_file`;
INSERT INTO `ecm_uploaded_file` (`file_id`, `store_id`, `file_type`, `file_size`, `file_name`, `file_path`, `add_time`, `belong`, `item_id`) VALUES
(3, {seller_id}, 'image/jpeg', 12362, 'e312229073211613.jpg', 'data/files/store_2/goods_179/200908060822598478.jpg', 1249546979, 2, 1),
(4, {seller_id}, 'image/jpeg', 12719, '4804c0f3850ea00f.jpg', 'data/files/store_2/goods_197/200908060823178267.jpg', 1249546997, 2, 1),
(5, {seller_id}, 'image/jpeg', 7452, '0debd9a9e2670ee3.jpg', 'data/files/store_2/goods_9/200908060823294001.jpg', 1249547009, 2, 1),
(6, {seller_id}, 'image/jpeg', 11303, 'cdd6104486b110e6.jpg', 'data/files/store_2/goods_25/200908060823452419.jpg', 1249547025, 2, 1),
(7, {seller_id}, 'image/jpeg', 11989, 'ab4ccb7023198236.jpg', 'data/files/store_2/goods_32/200908060823523184.jpg', 1249547032, 2, 1),
(8, {seller_id}, 'image/jpeg', 9776, '66253ee68af3b7c8.jpg', 'data/files/store_2/goods_43/200908060824034431.jpg', 1249547043, 2, 1),
(9, {seller_id}, 'image/jpeg', 15810, '20c422381519c2c2.jpg', 'data/files/store_2/goods_131/200908060828517782.jpg', 1249547331, 2, 2),
(10, {seller_id}, 'image/jpeg', 17379, '4139a3d3b0c4b37e.jpg', 'data/files/store_2/goods_150/200908060829102798.jpg', 1249547350, 2, 2),
(11, {seller_id}, 'image/jpeg', 19656, '42d91ab1b33192de.jpg', 'data/files/store_2/goods_170/200908060829308411.jpg', 1249547370, 2, 2),
(12, {seller_id}, 'image/jpeg', 9576, 'b1b9851f8a31e92d.jpg', 'data/files/store_2/goods_107/200908060831473107.jpg', 1249547507, 2, 3),
(13, {seller_id}, 'image/jpeg', 8929, 'bf4e91fd54345a9c.jpg', 'data/files/store_2/goods_115/200908060831559591.jpg', 1249547515, 2, 3),
(14, {seller_id}, 'image/jpeg', 6114, '45493a6f6fec84f2.jpg', 'data/files/store_2/goods_140/200908060832202677.jpg', 1249547540, 2, 3),
(15, {seller_id}, 'image/jpeg', 6561, '63510a7451dcacab.jpg', 'data/files/store_2/goods_147/200908060832272714.jpg', 1249547548, 2, 3),
(16, {seller_id}, 'image/jpeg', 22367, '8182647915c83d33.jpg', 'data/files/store_2/goods_66/200908060834263919.jpg', 1249547666, 2, 4),
(17, {seller_id}, 'image/jpeg', 22319, '37f593db08b31139.jpg', 'data/files/store_2/goods_87/200908060834479577.jpg', 1249547687, 2, 4),
(18, {seller_id}, 'image/jpeg', 20131, '816effe5591ca815.jpg', 'data/files/store_2/goods_105/200908060835054315.jpg', 1249547705, 2, 4),
(19, {seller_id}, 'image/jpeg', 20031, '45e6c54d9b324696.jpg', 'data/files/store_2/goods_125/200908060835258625.jpg', 1249547725, 2, 4),
(20, {seller_id}, 'image/jpeg', 13511, 'a3836dd5e6541b68.jpg', 'data/files/store_2/goods_141/200908060835411590.jpg', 1249547741, 2, 4),
(21, {seller_id}, 'image/jpeg', 19887, '16b171b2bb9956a1.jpg', 'data/files/store_2/goods_155/200908060835558086.jpg', 1249547755, 2, 4),
(22, {seller_id}, 'image/jpeg', 14406, '81c4c33a4abe35a3.jpg', 'data/files/store_2/goods_70/200908060837502713.jpg', 1249547870, 2, 5),
(23, {seller_id}, 'image/jpeg', 18618, 'ab46c77e6bf8c22a.jpg', 'data/files/store_2/goods_95/200908060841358079.jpg', 1249548095, 2, 6),
(24, {seller_id}, 'image/jpeg', 19235, '8f46f0a94d7d8e4b.jpg', 'data/files/store_2/goods_108/200908060841484621.jpg', 1249548108, 2, 6),
(25, {seller_id}, 'image/jpeg', 20369, '940f52830b31759a.jpg', 'data/files/store_2/goods_124/200908060842042302.jpg', 1249548124, 2, 6),
(26, {seller_id}, 'image/jpeg', 10992, '17035a2c04152769.jpg', 'data/files/store_2/goods_186/200908060906263554.jpg', 1249549586, 2, 7),
(27, {seller_id}, 'image/jpeg', 11091, '1ef4f5b42972ed6d.jpg', 'data/files/store_2/goods_13/200908060906532764.jpg', 1249549613, 2, 7),
(28, {seller_id}, 'image/jpeg', 11786, '849f0be16991cdf0.jpg', 'data/files/store_2/goods_36/200908060907164774.jpg', 1249549636, 2, 7),
(29, {seller_id}, 'image/jpeg', 11795, '1f142f7aca2b77ba.jpg', 'data/files/store_2/goods_187/200908060909472569.jpg', 1249549787, 2, 8),
(30, {seller_id}, 'image/jpeg', 11602, '0806158a947e9e0e.jpg', 'data/files/store_2/goods_2/200908060910023266.jpg', 1249549802, 2, 8),
(31, {seller_id}, 'image/jpeg', 8543, '03b2a4603b85e820.jpg', 'data/files/store_2/goods_98/200908060911381037.jpg', 1249549898, 2, 9),
(32, {seller_id}, 'image/jpeg', 16022, '521bf6e6c8589e5e.jpg', 'data/files/store_2/goods_128/200908060912082754.jpg', 1249549928, 2, 9),
(33, {seller_id}, 'image/jpeg', 16935, '7b57b81be56d8cb0.jpg', 'data/files/store_2/goods_69/200908060914291406.jpg', 1249550069, 2, 10),
(34, {seller_id}, 'image/jpeg', 17495, '47f458fa00e4a99f.jpg', 'data/files/store_2/goods_82/200908060914426191.jpg', 1249550082, 2, 10),
(35, {seller_id}, 'image/jpeg', 13592, '55217d17c0a54e5c.jpg', 'data/files/store_2/goods_94/200908060914542008.jpg', 1249550094, 2, 10),
(36, {seller_id}, 'image/jpeg', 17705, '63788145012d6b67.jpg', 'data/files/store_2/goods_126/200908060915269026.jpg', 1249550126, 2, 10),
(37, {seller_id}, 'image/jpeg', 15711, '95a200317cab0127.jpg', 'data/files/store_2/goods_33/200908060917132087.jpg', 1249550233, 2, 11),
(38, {seller_id}, 'image/jpeg', 13899, 'f78e1c41eb90dad8.jpg', 'data/files/store_2/goods_123/200908060918436837.jpg', 1249550323, 2, 12),
(39, {seller_id}, 'image/jpeg', 11798, 'c11d579c21a32178.jpg', 'data/files/store_2/goods_142/200908060919027810.jpg', 1249550342, 2, 12),
(40, {seller_id}, 'image/jpeg', 11142, '8aa9cf1cbb49a683.jpg', 'data/files/store_2/goods_24/200908060920245196.jpg', 1249550424, 2, 13),
(41, {seller_id}, 'image/jpeg', 13472, '3b108b157c7dc941.jpg', 'data/files/store_2/goods_43/200908060920437979.jpg', 1249550443, 2, 13),
(42, {seller_id}, 'image/jpeg', 18693, '39388f9f7b055bad.jpg', 'data/files/store_2/goods_54/200908060920546675.jpg', 1249550454, 2, 13),
(43, {seller_id}, 'image/jpeg', 16603, '0ff8c40a74c9a226.jpg', 'data/files/store_2/goods_128/200908060922084636.jpg', 1249550528, 2, 14),
(44, {seller_id}, 'image/jpeg', 14549, '7a8e22cc60f7096e.jpg', 'data/files/store_2/goods_141/200908060922218002.jpg', 1249550541, 2, 14),
(45, {seller_id}, 'image/jpeg', 19331, '587a5e6b23b02e02.jpg', 'data/files/store_2/goods_29/200908060923496883.jpg', 1249550629, 2, 14),
(46, {seller_id}, 'image/jpeg', 14786, '62af45e8928f3835.jpg', 'data/files/store_2/goods_147/200908060925471585.jpg', 1249550747, 2, 15),
(47, {seller_id}, 'image/jpeg', 14423, 'f16628f7bb81e7a3.jpg', 'data/files/store_2/goods_67/200908060927474675.jpg', 1249550867, 2, 16),
(48, {seller_id}, 'image/jpeg', 17180, '7c86857a689162fe.jpg', 'data/files/store_2/goods_121/200908060932011437.jpg', 1249551121, 2, 17),
(49, {seller_id}, 'image/jpeg', 15260, 'ab69f24b4f3945e0.jpg', 'data/files/store_2/goods_84/200908060934444841.jpg', 1249551284, 2, 17),
(50, {seller_id}, 'image/jpeg', 16859, 'e77d1081c91645a8.jpg', 'data/files/store_2/goods_195/200908060936352784.jpg', 1249551395, 2, 18),
(51, {seller_id}, 'image/jpeg', 13430, '7bc43095c465ebf0.jpg', 'data/files/store_2/goods_8/200908060936481674.jpg', 1249551408, 2, 18),
(52, {seller_id}, 'image/jpeg', 14187, 'b6781ab419a5089a.jpg', 'data/files/store_2/goods_24/200908060937048695.jpg', 1249551424, 2, 18),
(53, {seller_id}, 'image/jpeg', 12901, '30f7b98ad565c2d0.jpg', 'data/files/store_2/goods_109/200908060938292631.jpg', 1249551509, 2, 19),
(54, {seller_id}, 'image/jpeg', 12910, 'd55a5ba6fed7e162.jpg', 'data/files/store_2/goods_124/200908060938443027.jpg', 1249551524, 2, 19),
(55, {seller_id}, 'image/jpeg', 16186, '5e8e59bd6b611024.jpg', 'data/files/store_2/goods_142/200908060939026685.jpg', 1249551542, 2, 19),
(56, {seller_id}, 'image/jpeg', 9265, 'f02b3f851f57f2ce.jpg', 'data/files/store_2/goods_143/200908060942233830.jpg', 1249551743, 2, 20),
(57, {seller_id}, 'image/jpeg', 8483, 'd55955141b9a1f90.jpg', 'data/files/store_2/goods_156/200908060942363092.jpg', 1249551756, 2, 20),
(58, {seller_id}, 'image/jpeg', 7043, 'be88bb9b556e2009.jpg', 'data/files/store_2/goods_166/200908060942462672.jpg', 1249551766, 2, 20),
(59, {seller_id}, 'image/jpeg', 11456, '1730d57edea6a55c.jpg', 'data/files/store_2/goods_25/200908060950258122.jpg', 1249552225, 2, 21),
(60, {seller_id}, 'image/jpeg', 13215, 'e528ca3eb5748a3c.jpg', 'data/files/store_2/goods_39/200908060950399637.jpg', 1249552239, 2, 21),
(61, {seller_id}, 'image/jpeg', 13113, '76a7718b471d6d93.jpg', 'data/files/store_2/goods_55/200908060950555738.jpg', 1249552255, 2, 21),
(62, {seller_id}, 'image/jpeg', 11796, '2e1daf9d76edce5b.jpg', 'data/files/store_2/goods_67/200908060951072027.jpg', 1249552267, 2, 21),
(63, {seller_id}, 'image/jpeg', 10290, 'b40cc60772351b06.jpg', 'data/files/store_2/goods_147/200908060952274906.jpg', 1249552347, 2, 22),
(64, {seller_id}, 'image/jpeg', 11026, '4bdd992c49d35190.jpg', 'data/files/store_2/goods_157/200908060952376888.jpg', 1249552357, 2, 22),
(65, {seller_id}, 'image/jpeg', 16541, '79ef35e6f2e347fa.jpg', 'data/files/store_2/goods_64/200908060954245662.jpg', 1249552464, 2, 23),
(66, {seller_id}, 'image/jpeg', 16314, '4eed1f55e152588a.jpg', 'data/files/store_2/goods_72/200908060954323544.jpg', 1249552472, 2, 23),
(67, {seller_id}, 'image/jpeg', 23479, 'c9e640d5eb45e295.jpg', 'data/files/store_2/goods_86/200908060954465326.jpg', 1249552486, 2, 23),
(68, {seller_id}, 'image/jpeg', 16676, '5278b03233b52a17.jpg', 'data/files/store_2/goods_20/200908060957002218.jpg', 1249552620, 2, 24),
(69, {seller_id}, 'image/jpeg', 12124, '7b2d5ffeff2b1f0e.jpg', 'data/files/store_2/goods_139/200908060958592106.jpg', 1249552739, 2, 25),
(70, {seller_id}, 'image/jpeg', 14064, '73b603b1799e1457.jpg', 'data/files/store_2/goods_151/200908060959114414.jpg', 1249552751, 2, 25),
(71, {seller_id}, 'image/jpeg', 14539, '47f6ec2e8d9b2c82.jpg', 'data/files/store_2/goods_166/200908060959265796.jpg', 1249552766, 2, 25),
(72, {seller_id}, 'image/jpeg', 10242, '7905b61346259857.jpg', 'data/files/store_2/goods_47/200908061000474424.jpg', 1249552847, 2, 26),
(73, {seller_id}, 'image/jpeg', 11232, 'ae4916f90e5227e9.jpg', 'data/files/store_2/goods_57/200908061000576924.jpg', 1249552857, 2, 26),
(74, {seller_id}, 'image/jpeg', 12251, '25e53455ff1b63a4.jpg', 'data/files/store_2/goods_71/200908061001114276.jpg', 1249552871, 2, 26),
(75, {seller_id}, 'image/jpeg', 13586, 'd814a77dc9c54b7e.jpg', 'data/files/store_2/goods_86/200908061001263175.jpg', 1249552886, 2, 26),
(76, {seller_id}, 'image/jpeg', 11068, '6ae3ade81393e9ac.jpg', 'data/files/store_2/goods_5/200908061003253339.jpg', 1249553005, 2, 27),
(77, {seller_id}, 'image/jpeg', 9507, '688b8de7d9bc833a.jpg', 'data/files/store_2/goods_18/200908061003382600.jpg', 1249553018, 2, 27),
(78, {seller_id}, 'image/jpeg', 12437, 'f7881551d7148623.jpg', 'data/files/store_2/goods_29/200908061003494534.jpg', 1249553029, 2, 27),
(79, {seller_id}, 'image/jpeg', 12528, 'f15ea9ecafbdaf73.jpg', 'data/files/store_2/goods_115/200908061005154170.jpg', 1249553115, 2, 28),
(80, {seller_id}, 'image/jpeg', 10964, 'fae2eea4ee2c75b6.jpg', 'data/files/store_2/goods_14/200908061006541461.jpg', 1249553214, 2, 28),
(81, {seller_id}, 'image/jpeg', 12046, 'b75c0a159f3c10b5.jpg', 'data/files/store_2/goods_26/200908061007068653.jpg', 1249553226, 2, 28),
(82, {seller_id}, 'image/jpeg', 13297, '23141e259bb47c34.jpg', 'data/files/store_2/goods_121/200908061008412008.jpg', 1249553321, 2, 29),
(83, {seller_id}, 'image/jpeg', 11197, '946a7039481ebbd5.jpg', 'data/files/store_2/goods_127/200908061008473587.jpg', 1249553327, 2, 29);

--
-- 导出表中的数据 `ecm_user_priv`
--
delete from `ecm_user_priv` where store_id > 0;
INSERT INTO `ecm_user_priv` (`user_id`, `store_id`, `privs`) VALUES
({seller_id}, {seller_id}, 'all');
